:020000040800F2
:1000000010150020AD020008B15100089D41000804
:10001000794C000865100008A17B00080000000072
:100020000000000000000000000000000967000858
:100030006910000800000000B5660008A16700080C
:10004000C7020008C7020008C7020008C70200086C
:10005000C7020008C70200086D100008C7020008A8
:10006000C7020008C7020008C7020008C70200084C
:10007000C7020008C7020008C7020008C70200083C
:10008000C7020008C7020008C702000800000000FD
:1000900000000000000000000000000075100008D3
:1000A000C7020008C7020008C7020008C70200080C
:1000B000C7020008C7020008C7020008C7020008FC
:1000C000C7020008C7020008C7020008C7020008EC
:1000D000C7020008C7020008C702000800000000AD
:1000E000C7020008C7020008C7020008000000009D
:1000F000000000000000000000000000C70200082F
:1001000000000000C7020008C7020008C70200087C
:1001100000000000000000000000000000000000DF
:10012000C7020008C7020008C7020008C70200088B
:10013000C7020008000000000000000000000000EE
:10014000000000000000000000000000A966000898
:10015000C7020008C7020008C7020008C70200085B
:10016000C7020008C70200080000000000000000ED
:10017000000000000000000000000000000000007F
:1001800000000000C702000800000000000000009E
:10019000C7020008C702000800F002F800F077F874
:1001A00014A696E8000CB244B344DA4501D100F03D
:1001B0006EF8BAE80F000FA696E83000A5EB04052C
:1001C00004EB0607AAEB0704A7F101074FEA151590
:1001D0004FEA3414A4F10104AC4201D300F057F803
:1001E00013F0010F18BFFB1A43F0010300F001F8F0
:1001F000DBE71847C8A10000E8A100000A444FF05F
:10020000000C10F8013B13F0070408BF10F8014B75
:100210001D1108BF10F8015B641E05D010F8016BBA
:10022000641E01F8016BF9D113F0080F1EBF10F81E
:10023000014BAD1C0C1B09D16D1E58BF01F801CB41
:10024000FAD505E014F8016B01F8016B6D1EF9D5C4
:100250009142D6D37047000070470000002300246D
:1002600000250026103A28BF78C1FBD8520728BFC6
:1002700030C148BF0B607047642900F0EB8000205C
:1002800070471FB508F06FFA1FBD10B510BD00F024
:1002900064FB1146FFF7F5FF07F0A2FC00F082FBBC
:1002A00003B4FFF7F2FF03BC00F08AFB0948804764
:1002B00009480047FEE7FEE7FEE7FEE7FEE7FEE748
:1002C000FEE7FEE7FEE7FEE704480549054A064B60
:1002D000704700004D68000899010008100F0020C9
:1002E00010150020101100201011002053EA020CFC
:1002F00000F069802DE9F04B4FF00006002B1FBF86
:10030000B3FA83F503FA05F424FA05F65E4012BF4A
:100310001643B2FA82F502FA05F4C5F120051EBFB4
:1003200022FA05FC44EA0C04203556EA044C4FEA54
:10033000144418BF641C4FF000084FF000099042AD
:1003400071EB030C39D3002919BFB1FA81F701FA17
:1003500007F6B0FA80F700FA07F6C7F120071EBFCC
:1003600020FA07FC46EA0C062037B6FBF4FCA7EBA4
:100370000507103F07F01F0BCBF120062CFA06F6FD
:100380000CFA0BFB44BFB3460026202FA4BF5E46E9
:100390004FF0000B5BEA060C08BF4FF0010B19EBA6
:1003A0000B0948EB0608ABFB027C06FB02CC0BFBFF
:1003B00003CCC01B71EB0C01C1E70B460246414662
:1003C0004846BDE8F08B13B5084318BF4FF0FF3027
:1003D0000146AFF30080BDE81C4070470FB41CB568
:1003E000074B06AA7B4469460090059800F06BFA1B
:1003F0000020694600F07AFA1CBC5DF814FB00008E
:100400000505000070B5044685690068C10601D580
:10041000302600E02026C00707D070BDD4E90121B6
:1004200030469047206A401C20626D1EF6D570BD94
:1004300070B5044685690078C00707D170BDD4E95E
:10044000012120209047206A401C20626D1EF6D5B5
:1004500070BD00002DE9F0410646002410687529A2
:10046000314616A510D0AFF30080002802DA4042D2
:1004700013A507E031688A0701D512A502E04907F4
:1004800004D511A5012401E0AFF3008000210A2268
:1004900006F1240709E0B0FBF2FCB0FBF2F302FB2B
:1004A0001C00303078541846491C0028F3D12346EC
:1004B0002A463046BDE8F04100F0A7B90000000030
:1004C0002D0000002B000000200000002DE9F05F4F
:1004D000894604464FF0000ADFF874B1FB44C0F8C7
:1004E00020A02046E1688847002874D0252806D03F
:1004F000D4E901219047206A401C2062F1E70026E0
:100500005F462046E16888472028054607DB312DF5
:1005100005D2781910F8200C08B10643F1E7B007AE
:1005200001D526F00406C4F81CA00027C4F818A0C2
:100530002A2D09D0284608F00FF938B304EB8708B4
:10054000303DC8F8185019E059F8041B204604EB58
:1005500087029161E1688847012F054618D1E0695B
:10056000002820DA26F020061DE0D8F8180000EB5D
:10057000800005EB40003038C8F818002046E168DC
:100580008847054608F0E8F80028EED1012F0AD088
:100590002E2D08D12046E16888477F1C0546022F92
:1005A00046F02006C4DBA069002803DA404246F08A
:1005B0000106A061F00701D026F010066C2D0BD0CB
:1005C000682D09D04C2D39D06A2D35D0742D35D0F9
:1005D0007A2D33D016E038E0E1682F462046884770
:1005E000B842054609D16C2F26D04FF48060E168EF
:1005F000064320468847054604E06C2F1AD04FF486
:10060000807006430DB3A5F14100192802D82035AA
:1006100046F400664A462946204626604E46FFF7C5
:100620002BFE80B101280BD0F61D26F0070000F14B
:10063000080956E74020E4E78020D8E70020D6E705
:1006400006F104094DE7284652E7206ABDE8F09F0D
:10065000A082000040EA010310B59B070FD1042AD5
:100660000DD310C808C9121F9C42F8D020BA19BA7D
:10067000884201D9012010BD4FF0FF3010BD1AB1E2
:10068000D30703D0521C07E0002010BD10F8013B37
:1006900011F8014B1B1B07D110F8013B11F8014B5E
:1006A0001B1B01D1921EF1D1184610BD032A40F246
:1006B000308010F0030C00F0158011F8013BBCF104
:1006C000020F624498BF11F801CB00F8013B38BF1C
:1006D00011F8013BA2F1040298BF00F801CB38BF2A
:1006E00000F8013B11F0030300F00581083AC0F067
:1006F000088051F8043B083A51F804CBA0E80810F0
:10070000F5E7121D5CBF51F8043B40F8043BAFF322
:100710000080D20724BF11F8013B11F801CB48BF7C
:1007200011F8012B24BF00F8013B00F801CB48BFB2
:1007300000F8012B70474FF0000200B513469446B5
:100740009646203922BFA0E80C50A0E80C50B1F129
:100750002001BFF4F7AF090728BFA0E80C5048BF3D
:100760000CC05DF804EB890028BF40F8042B08BFDB
:10077000704748BF20F8022B11F0804F18BF00F8D7
:10078000012B70470000000030B44FF0013C50F8DE
:10079000042B51F8043BCCFA52F4D51A20D1FCB901
:1007A00050F8042B51F8043BCCFA52F4D51A17D167
:1007B000B4B950F8042B51F8043BCCFA52F4D51AD2
:1007C0000ED16CB950F8042B51F8043BCCFA52F41A
:1007D000D51A05D1002CDAD030BC4FF0000070479C
:1007E00029BAB1FA81F111F01801D1F12000844049
:1007F000F2D1CA40CB4012F0FF0213F0FF0330BC2D
:10080000D01A70477047704770472DE9F0470D4682
:1008100099469246044600F124080168880604D5EA
:10082000E06921F01001216000E00120A84201DD13
:10083000471B00E00027A1697A1902EB0900081A9A
:10084000A0612078C00602D42046FFF7DBFD002619
:1008500008E0D4E901211AF806009047206A401CFC
:10086000761C20624E45F4DB2078C0060AD520466F
:10087000FFF7C8FD06E0D4E9012130209047206A47
:10088000401C2062381EA7F10107F4DC07E0D4E920
:10089000012118F805009047206A401C2062281E9C
:1008A000A5F10105F3DC2046FFF7C2FD2078000624
:1008B00002D50220BDE8F0870120FBE701694A1C50
:1008C00002610878704700B58FB0CDE90131002191
:1008D000059105497944CDE9031011466846FFF7B3
:1008E000F5FD0FB000BD0000E5FFFFFF0A6802F84C
:1008F000010B0A60704710B5203AC0F00B80B1E8D8
:100900001850A0E81850B1E81850A0E81850203A44
:10091000BFF4F5AF5FEA027C24BFB1E81850A0E84D
:10092000185044BF18C918C0BDE810405FEA827C67
:1009300024BF51F8043B40F8043B08BF7047D2077E
:1009400028BF31F8023B48BF11F8012B28BF20F81F
:10095000023B48BF00F8012B7047754600F02CF8A9
:10096000AE4605006946534620F00700854618B09C
:1009700020B5FFF7A9FCBDE820404FF000064FF07E
:1009800000074FF000084FF0000BAC46ACE8C00980
:10099000ACE8C009ACE8C009ACE8C00921F0070127
:1009A0008D46704710B50446AFF300802046BDE881
:1009B0001040FFF775BC000000487047F0020020AF
:1009C00001491820ABBEFEE7260002007047000078
:1009D00080B5002007F0C2FD0020BDE8804000F097
:1009E00099B9000080B5052007F0B8FD0520BDE8E5
:1009F000804000F08FB9000080B5062007F0AEFD02
:100A00000620BDE8804000F085B9000080B50720D1
:100A100007F0A4FD0720BDE8804000F07BB900008E
:100A200080B5012007F09AFD0120BDE8804000F06C
:100A300071B9000080B5022007F090FD0220BDE8EA
:100A4000804000F067B9000080B5032007F086FD04
:100A50000320BDE8804000F05DB9000080B50420AF
:100A600007F07CFD0420BDE8804000F053B9000091
:100A700080B540F6A400C2F20000A0210322642346
:100A800000F0A4FF002818BF012080BDB0B584B0DD
:100A9000044664200DF10F01029040F6A4000125E8
:100AA0000091C2F20000A0210B220123019501F068
:100AB00085F9A0B99DF80F00E12810D164200DF14F
:100AC0000E01029040F6A40001250091C2F2000040
:100AD000A0210A220123019501F070F910B12846E6
:100AE00004B0B0BD9DF80E0007289ABF2070002505
:100AF0000125284604B0B0BDB0B584B004466420DA
:100B00000DF10F01029040F6A40001250091C2F200
:100B10000000A02107220123019501F04FF9A0B99F
:100B20009DF80F00C32810D164200DF10E01029032
:100B300040F6A40001250091C2F20000A021062287
:100B40000123019501F03AF910B1284604B0B0BD77
:100B50009DF80E0005289ABF207000250125284623
:100B600004B0B0BDB0B584B0044664200DF10F01EF
:100B7000029040F6A40001250091C2F20000A021DD
:100B800005220123019501F019F9A0B99DF80F0084
:100B90003C2810D164200DF10E01029040F6A40013
:100BA00001250091C2F20000A02104220123019539
:100BB00001F004F910B1284604B0B0BD9DF80E0054
:100BC00003289ABF207000250125284604B0B0BD37
:100BD000B0B584B0044664200DF10F01029040F6D8
:100BE000A40001250091C2F20000A02109220123E6
:100BF000019501F0E3F8A0B99DF80F00D72810D1B6
:100C000064200DF10E01029040F6A4000125009130
:100C1000C2F20000A02108220123019501F0CEF8C4
:100C200010B1284604B0B0BD9DF80E0003289ABF4D
:100C3000207000250125284604B0B0BDB0B584B0B1
:100C4000044664200DF10F01029040F6A400012536
:100C50000091C2F20000A02103220123019501F0BE
:100C6000ADF8A0B99DF80F005A2810D164200DF1FD
:100C70000E01029040F6A40001250091C2F200008E
:100C8000A02102220123019501F098F810B1284615
:100C900004B0B0BD9DF80E0002289ABF2070002558
:100CA0000125284604B0B0BDB0B584B00446642028
:100CB0000DF10F01029040F6A40001250091C2F24F
:100CC0000000A02101220123019501F077F8A0B9CD
:100CD0009DF80F00A52810D164200DF10E0102909F
:100CE00040F6A40001250091C2F20000A0210022DC
:100CF0000123019501F062F810B1284604B0B0BD9F
:100D00009DF80E0064289ABF207000250125284612
:100D100004B0B0BD70B584B00546E1208DF80E007A
:100D200001240DF10E00CDE9000440F6A400642674
:100D3000C2F20000A0210B220123029601F06AF901
:100D400020B10124204604B070BD00BF052000F092
:100D500087FC0DF10F00009040F6A400C2F20000E5
:100D6000A0210A2201238DF80F500296019401F070
:100D700051F90028E6D1052000F072FC002420463D
:100D800004B070BD70B584B00546C3208DF80E0068
:100D900001240DF10E00CDE9000440F6A400642604
:100DA000C2F20000A02107220123029601F032F9CD
:100DB00020B10124204604B070BD00BF052000F022
:100DC0004FFC0DF10F00009040F6A400C2F20000AD
:100DD000A021062201238DF80F500296019401F004
:100DE00019F90028E6D1052000F03AFC002420463D
:100DF00004B070BD70B584B005463C208DF80E007F
:100E000001240DF10E00CDE9000440F6A400642693
:100E1000C2F20000A02105220123029601F0FAF897
:100E200020B10124204604B070BD00BF052000F0B1
:100E300017FC0DF10F00009040F6A400C2F2000074
:100E4000A021042201238DF80F500296019401F095
:100E5000E1F80028E6D1052000F002FC002420463D
:100E600004B070BD70B584B00546D7208DF80E0073
:100E700001240DF10E00CDE9000440F6A400642623
:100E8000C2F20000A02109220123029601F0C2F85B
:100E900020B10124204604B070BD00BF052000F041
:100EA000DFFB0DF10F00009040F6A400C2F200003D
:100EB000A021082201238DF80F500296019401F021
:100EC000A9F80028E6D1052000F0CAFB002420463E
:100ED00004B070BD70B584B005465A208DF80E0080
:100EE00001240DF10E00CDE9000440F6A4006426B3
:100EF000C2F20000A02103220123029601F08AF829
:100F000020B10124204604B070BD00BF052000F0D0
:100F1000A7FB0DF10F00009040F6A400C2F2000004
:100F2000A021022201238DF80F500296019401F0B6
:100F300071F80028E6D1052000F092FB002420463D
:100F400004B070BD70B584B00546A5208DF80E00C4
:100F500001240DF10E00CDE9000440F6A400642642
:100F6000C2F20000A02101220123029601F052F8F2
:100F700020B10124204604B070BD00BF052000F060
:100F80006FFB0DF10F00009040F6A400C2F20000CC
:100F9000A021002201238DF80F500296019401F048
:100FA00039F80028E6D1052000F05AFB002420463D
:100FB00004B070BD10B540F20044C4F202042046F3
:100FC0004FF48051012200F043FC642000F048FB04
:100FD00020464FF480510022BDE8104000F038BC9C
:100FE00010B50024C4F2020420464FF480610022B0
:100FF00000F02EFC4FF4FA7000F032FB20464FF464
:101000008061012200F024FC642000F029FB04F53B
:10101000806420464FF40051012200F019FC4FF487
:101020007A7000F01DFB20464FF400510022BDE80D
:10103000104000F00DBC000010B540F20044C4F2B6
:10104000020420464FF48041012200F001FC64209C
:1010500000F006FB20464FF480410022BDE810401E
:1010600000F0F6BBFEE7000070470000012000F032
:101070000DBB00004FF4007000F008BB72B600BF5B
:10108000FEE7000080B5012005F040FB0120BDE82F
:101090008040FFF777BE000080B5002005F036FBEA
:1010A0000020BDE88040FFF76DBE000040F2000068
:1010B000C2F200008068704770B581B000220092D3
:1010C00090F83C20012A03D10221084601B070BDEE
:1010D000D1F800E00122BEF10A0F1FFA8EFC80F861
:1010E0003C2009D34FEA4C02036812FA8EF2A2F1B7
:1010F0001E0403F10C0204E003680EEB4E0403F13E
:10110000100207251668A54026EA050515608D68BA
:10111000166805FA04F4344314604968062907D8B0
:1011200001EB81014A1F194651F8345F0FE000BFFF
:101130000C2901EB810105D8A1F12302194651F8D0
:10114000305F04E0A1F14102194651F82C5F1F24E1
:10115000944025EA04040C600CFA02F20C6842F296
:10116000043CC4F2010C2243ACF54174A3420A6072
:1011700006D0002180F83C10084601B070BD00BFC9
:101180001221BEF1110FC1F2000118BF8E453BD1F3
:10119000DCF800208E4522F48002CCF80020DCF838
:1011A000002042F40002CCF80020E2D140F2180105
:1011B000C2F2000109684DF68362C4F21B32A1FB42
:1011C0000212910C01EB8101490000910099002964
:1011D000CFD000BF00990139009100990029C8D0F3
:1011E00000990139009100990029C2D00099013974
:1011F000009100990029BCD0009901390091009913
:101200000029E7D1B5E700BFBEF1120FB1D1DCF87C
:10121000001021F40001CCF80010DCF8001041F4BB
:101220008001CCF80010A4E70068C06C7047000093
:10123000002804BF0120704710B50446006C002848
:101240003ED0206CC00645D4206C41F20211884388
:10125000023042F204312064C4F20101086820F433
:10126000403008600A6894E809101A43D4F810E086
:101270000A604168012321F4807141604168C0F631
:10128000007341EA0E214160416821F040714160E4
:10129000416841EA0C014160816821F4006181608C
:1012A000E168826811438160A16A8268994222F0F4
:1012B00070628260826813D122F0405119E000BF51
:1012C000204600F065F80020606484F83C00206C43
:1012D000C006B9D50120002184F83C1010BD00BF24
:1012E00011438160816821F040518160E16A826828
:1012F00011438160816821F0020181608168227E52
:1013000094F8203041EA42018160416883B141F4A0
:101310000061416041684EF2000221F46041416089
:10132000616ACFF6FF72436802EB4131194301E075
:1013300021F400614160C16A40F2000C21F47001A7
:10134000C162E2696169CFF6F07CC36A0CEB0252BC
:101350001A43C262826822F40072826094F83020DC
:10136000836843EA42228260826822F4806282605B
:10137000826842EA8121816000206064216C012240
:1013800062F301012164002184F83C1010BD0000CB
:10139000F0B587B042F200050068C4F201050026EE
:1013A000A8420696059601D007B0F0BD43F630007E
:1013B0000196C4F20200416902AC41F480714161BE
:1013C0004169032701F48071019101990196016837
:1013D00041F001010160016801F0010101910199F1
:1013E0000196016841F0020101600068214600F0A9
:1013F0000200019001984020029005F56040CDE97F
:10140000037600F04FF90220CDE9020705F56440AC
:101410002146049600F046F907B0F0BD70B50446C9
:1014200000680D468268520544BF80685FEAC0507C
:1014300038D400F013FA21680A68920749D40646A6
:10144000681C3CD0DDB90868800721D50868800792
:101450003FD4086880071BD50868800739D408681E
:10146000800715D50868800733D4086880070FD532
:1014700008688007E7D52CE00868800729D400F0C9
:10148000EDF9801B2168A842F6D908688007F3D4DB
:10149000206C40F004002064002084F83C0003200D
:1014A00070BD00BF206C40F020002064002084F854
:1014B0003C00012070BD00BF0868800709D408689F
:1014C000800706D4086880075CBF08685FEA807000
:1014D000F2D56FF012000860206C40F400702064B8
:1014E000886810F0405F01D0002070BD207E002889
:1014F000FAD1C86A10F4700F02D088684005F3D49E
:10150000206C20F480702064206CC004ECD4206C2B
:1015100040F001002064002070BD000010B581B0D3
:101520000021009190F83C10012903D1022001B064
:1015300010BD00BF0468012180F83C10214651F81D
:10154000083FDB0729D10B684DF6836243F00103A6
:101550000B6040F21803C2F200031B68C4F21B3296
:10156000A3FB02239A0C02EB42020092009AA2B162
:10157000009A013A0092009A7AB1009A013A0092D8
:10158000009A52B1009A013A0092009A2AB1009A48
:10159000013A0092009A002AEAD10A68036CD20745
:1015A0000CD143F01001016400F1440101200A68EC
:1015B00010430860002001B010BD00BF40F201726E
:1015C00023EA020202F5807202646268520504D5C1
:1015D000026C012363F30D320264026C4FF0000CC5
:1015E0000023D20444BF426C22F0060342F2000EF4
:1015F000436480F83CC06FF02200C4F2010E20600A
:10160000DEF80403C00609D074450BD1DEF80800EB
:1016100010F0405F06D14FF08040C8E7086810F036
:10162000405FF8D0002001B010BD000090F83C10E1
:10163000012904BF0220704701688A6822F0010274
:101640008A608968C90705D1016C41F20112914392
:1016500001310164002180F83C1008467047000009
:10166000B0B5044600F0FAF8054640F20C00C2F2AC
:1016700000000078611C18BF044400BF00F0EEF8C1
:10168000401BA042FAD3B0BD7047000043F614419E
:10169000C4F201010A68024214BF08607047FFF7F4
:1016A000F3BF00002DE9F04F82B000F13E4707F193
:1016B000FF77860546EA972741F20006C4F2020644
:1016C000072243F6004EB04208BF0422C4F2010EC6
:1016D000042F38BF3A46002600274FF0000800923A
:1016E00009E000BF08F101080237B8F1100F06F158
:1016F000040600F0A3800D68012202FA08F415EA3E
:101700000409EFD0D1F804B003220BF0030CACF1C4
:101710000105BA40012D6FEA020A0FD88268CD6830
:1017200002EA0A02BD402A4382604268A243CBF328
:10173000001404FA08F42243426005E0BCF1030FF0
:1017400002D14FF0030C1EE0C2688C6802EA0A0264
:10175000BC402243BCF1020FC26014D16FF00302FF
:1017600002EA58020244D2F820C006F01C040F23FB
:101770000D69A3402CEA0303A5402B431362D1F863
:1017800004B00BF0030C02680CFA07F302EA0A0239
:101790001A431BF4403F0260A4D0002243F64403E6
:1017A0000192C4F202031A684FF6084C42F48042D8
:1017B0001A601A68CFF6FF7C02F480420192019A07
:1017C00028F00302724452F80C3006F00C050F2486
:1017D000AC40A343009C04FA05F52B4342F80C30BF
:1017E000DEF808204B6842EA090543F60C4CDC029F
:1017F00058BF22EA0905CEF80850C4F2010CDCF803
:1018000000209C0242EA090558BF22EA0905CCF8EB
:101810000050DEF804209C0342EA090558BF22EA82
:101820000905CEF80450DEF80020DB0342EA090582
:1018300058BF22EA0905CEF8005053E702B0BDE8D0
:10184000F08F00000069084018BF012070470000B9
:10185000002A08BF090481617047000040F60C703F
:10186000C2F2000000687047002804BF01207047E2
:10187000F0B581B0044690F83D0028B9002084F806
:101880003C00204600F074FC242084F83D002068D1
:10189000016821F001010160016841F4004101602B
:1018A000016821F40041016001F0EEFF636848F235
:1018B000A16CC0F2010C40F60011C0F23D0163457D
:1018C0003CBF48F28041C0F21E01884202D2012092
:1018D00001B0F0BD4DF68361C4F21B31A0FB0112D3
:1018E0002168970CD1F804E04FF496762EF03F056E
:1018F00045EA92454D60774348F638160D6AC0F2C6
:101900004106A7FB067625F03F07634538BF960CD6
:10191000721C3A430A62CA6948F2A0664CF6FF7725
:10192000C0F20106B34222EA07020BD801385B007D
:10193000B0FBF3F001306FF31F30042898BF042090
:101940001BE000BFA768013857B119277B43B0FBE4
:10195000F3F001306FF31F3070B100F5804007E005
:1019600003EB4303B0FBF3F001306FF31F3018B10A
:1019700000F5004001E000BF01201043C861086885
:10198000D4E9072320F0C00010431843086088689A
:1019900048F2FF3204F10C0790438CCF18431043F8
:1019A000A6698860C86820F0FF0038433043C860EB
:1019B000086840F00100086000202021206484F8BD
:1019C0003D10206384F83E0001B0F0BD2DE9F04FDA
:1019D00083B01E46924688460446FFF73FFF94F8C0
:1019E0003D10202924D12168054600BF8869800761
:1019F0001AD5FFF733FF401B21681A28F6D38869F0
:101A00008007F3D500202021206384F83D1084F85E
:101A10003E00216C022641F02001216484F83C0044
:101A2000304603B0BDE8F08F94F83C00012805D1A2
:101A30000226304603B0BDE8F08F00BF4FF0010929
:101A400084F83C900868C00703D1086840F00100A2
:101A500008600868002720F400600860242084F8EB
:101A60003D000020CFF6FF702764E06208F0FE081A
:101A7000BAF1010F88BFD1464FF0A00A4FF0200BFA
:101A800004E000BF01374F4500F09A80086800224B
:101A900040F48070086020464FF0011133460095F5
:101AA00002F0CAFC2168002856D1C1F81080FFF767
:101AB000D5FE21684B694A6994F83D50A02D054632
:101AC00005D013F0020008BF12F480601AD084F829
:101AD0003DB048690A68800742F400720A6047D442
:101AE0006FF48060486100BF88698007CAD5FFF73E
:101AF000B5FE401B21681A28F6D388698007F3D504
:101B00004CE000BFB6B100BFFFF7A8FE401BB042DB
:101B100088BF84F83DA021684A69486994F83D303F
:101B2000A02BD4D012F0020208BF10F48060EBD0DA
:101B3000CDE700BFFFF792FE84F83DA021684A6917
:101B4000486994F83D30A02BC1D012F00202BED1FA
:101B500010F48060EED0BAE708680326C00544BFE1
:101B60004FF400702064304603B0BDE8F08F00BF32
:101B70000026029648690290886902900298886956
:101B800001E000BF8069800720D5FFF767FE411B99
:101B900020681A29F6D381698907F3D5002020210E
:101BA000206384F83D1084F83E00216C41F0200150
:101BB0002164012684F83C00304603B0BDE8F08F74
:101BC000202084F83D000020F3E700BF202084F8A7
:101BD0003D0084F83C60304603B0BDE8F08F000063
:101BE0002DE9F04383B01E46174689460446FFF7A9
:101BF00035FE94F83D10202924D10546206800BF09
:101C0000816989071AD5FFF729FE411B20681A2927
:101C1000F6D381698907F3D500202021206384F859
:101C20003D1084F83E00216C41F02001216484F8CD
:101C30003C00022003B0BDE8F08300BF94F83C10E4
:101C4000012903D1022003B0BDE8F083012184F80B
:101C50003C100168C90703D1016841F0010101602E
:101C6000016840F2020821F400610160212184F83A
:101C70003D10102184F83E100021216467626685C2
:101C8000618DC0F201082185A8F10211E162E16ACB
:101C90000A9E11F5803F18BF01291DD1016841F44A
:101CA0008071016020464FF00111002233460095FB
:101CB00002F0C2FB50B120680068C00544BF4FF479
:101CC00000702064012003B0BDE8F0832069B0F506
:101CD000804F07D1FE2015E00829DFD0216B1229A3
:101CE000DCD0DFE7062000EAD9102168F030086177
:101CF00008F10601204632462B4602F083FC0028FC
:101D0000E0D1FF20216800EA090008612046414631
:101D100032462B4602F076FC0028D3D100200290F8
:101D200020684169029180690290029806E000BF34
:101D3000204631462A4602F021FB18BB208D68B3AD
:101D4000204631462A4602F011FDD8B9606A216862
:101D5000024612F8013B0B616262628D013A6285B4
:101D6000228D531E23854F697F07E1D51B04DFD0E9
:101D7000437802300B616062608D01386085901E8F
:101D80002085D5E7206C04289CD12068016841F4A7
:101D900000710160012003B0BDE8F0832068016894
:101DA00041F400710160202084F83D00002084F897
:101DB0003E0084F83C0003B0BDE8F0832DE9F04715
:101DC00084B0994616460F460446FFF747FD94F83F
:101DD0003D10202927D10546206800BF8169890769
:101DE0001CD5FFF73BFD411B20681A29F6D38169FA
:101DF0008907F3D500202021206384F83D1084F862
:101E00003E00206C04F13C0A40F0200020640220D7
:101E100000218AF8001004B0BDE8F087A2461AF845
:101E20003C1F012904D1022004B0BDE8F08700BFA7
:101E300001228AF800200368DDE90D180C9ADB07FF
:101E400003D1036843F001030360036823F40063D4
:101E50000360222084F83D00402084F83E000020EA
:101E6000206462626185608D394620850020CFF64E
:101E7000FF70E062204632464B46CDE9008502F015
:101E80008FF918B1012004B0BDE8F087208DA8B10A
:101E900002282BD0012835D121680A6822F48062FB
:101EA0000A60002203924A6903928A690392039AA4
:101EB0000A6842F400720A602CE000BF0020039020
:101EC000206841690391816903910399016841F494
:101ED00000710160202084F83D00002084F83E005D
:101EE00000218AF8001004B0BDE8F08721680A6874
:101EF00022F480620A600A6842F400620A600022EA
:101F0000039202E00021039121684A6903928969E2
:101F1000039103990427C0F201070CE010690870CF
:101F2000606A218D01306062481E2085618D013913
:101F300061850104CED080B203280FD802284AD090
:101F400001282DD1204641462A4602F0C7FB002831
:101F500098D12068616A0069E1E700BF20464146E8
:101F60002A4602F0BBFB00287FF48CAF2068616A30
:101F700000690870606A2268411C208D6162013826
:101F80002085638D013B638553695B07D1D580B2A2
:101F90000328C3D1106820F480601060BEE700BF42
:101FA0002046394600224346009502F045FA0028B3
:101FB0007FF468AF2068616A026822F48062026080
:101FC00000690870606A218D01306062481E2085BA
:101FD000608D0138608520463946002243460095D1
:101FE00002F02AFA00287FF44DAF2068616A026887
:101FF00042F40072026000690870606A2268411C45
:102000006162218D01392185618D013961851169F7
:10201000417085E72DE9F04383B0994616460F4697
:102020000446FFF71BFC94F83D10202924D10546F7
:10203000206800BF816989071AD5FFF70FFC411B93
:1020400020681A29F6D381698907F3D50020202159
:10205000206384F83D1084F83E00216C41F020019B
:10206000216484F83C00022003B0BDE8F08300BF87
:1020700094F83C10012903D1022003B0BDE8F0839D
:10208000012284F83C200368DDE90B180A9ADB077B
:1020900003D1036843F001030360036823F4006382
:1020A0000360212084F83D00402084F83E00002099
:1020B000206462626185608D394620850020CFF6FC
:1020C000FF70E062204632464B46CDE9008502F0C3
:1020D000F1F818B1012003B0BDE8F083208D98B964
:1020E000204641462A4602F049F988B3206C04286C
:1020F000F0D12068016841F400710160012003B053
:10210000BDE8F0830004EBD0204641462A4602F0A9
:102110002DFB0028EAD1616A2268084610F8013BCD
:102120001361238D6062581E2085678D013F67858E
:1021300057697F07E6D50704E4D048781061881C0A
:102140006062981E2085618D01396185DAE700BFE4
:102150002068016841F400710160202084F83D008E
:10216000002084F83E0084F83C0003B0BDE8F08312
:102170002DE9F04786B0006845F60041C4F2000141
:1021800000268842CDE90466CDE9026601962DD08D
:1021900045F20041C4F2000188426BD1002443F6AD
:1021A00030050094C4F20205286801A940F002003D
:1021B0002860286800F0020000900098C02001907C
:1021C0001220CDE90204032004900420059040F27F
:1021D0000040C4F20200FFF765FA0094286940F459
:1021E00000102861286900F4001041E043F6300730
:1021F0000096C4F20207386840F2004440F0010043
:1022000038603868C4F2020400F0010000900098C1
:102210000096386801AD40F00200386038684FF42D
:10222000807800F002000090009804204FF012091E
:102230004FF0030A0590A4F580602946CDF804808C
:10224000CDE90296CDF810A0FFF72CFA09200590F1
:1022500020462946CDE90189CDE9036AFFF722FA34
:102260000096386940F400003861386900F40000D5
:102270000090009806B0BDE8F08700002DE9F0411D
:1022800086B00446006844F20C05816843F20448B5
:10229000C4F20005C4F20008059108F57F77291FF4
:1022A000B84208BF08F10401096808F540660491C6
:1022B0004168B8420391314604BF43F20441C4F27D
:1022C00000010A680292626842F40072B2F5007F6F
:1022D0004CD10599890744BF03995FEA01617BD41A
:1022E0000498C00721D0029840061ED52068E16AF4
:1022F000B84208BF08F108052A6821F8022BE162FC
:10230000618E01396186618E79B9B842304608BF65
:102310004046016821F060010160608D28B901200C
:1023200084F84100204600F0E5F80498400644BFD8
:1023300002985FEA80606BD40598000744BF039859
:102340005FEA806044D520684168B84221F0A0016E
:10235000416008BF4646316821F0600131600021CC
:102360000191806801900198B6E000BF049A92073D
:1023700044BF029A5FEA02626AD40598C00719D086
:102380000398400616D52068E16AC26821F8022B3E
:10239000E162618E01396186618E59B9416821F02F
:1023A00060014160608D28B9012084F84100204619
:1023B00000F0A0F80598400644BF03985FEA8060EB
:1023C00066D40498000744BF02985FEA806077D41F
:1023D00006B0BDE8F08100BF616A31F8022B61628E
:1023E000C260618D01396185618D00297FF478AF0C
:1023F000416821F0A0014160608E00287FF470AF39
:10240000012084F84100204600F074F868E700BF1E
:1024100020683146B84208BF41460A6822F060028F
:102420000A60416821F0A001416000210191C1686A
:102430000191806801900198012084F84100606C4E
:1024400040F002006064204600F056F874E700BFD8
:10245000626AB84232F8023B626208BF08F10805BE
:102460002B60608D01386085608D00287FF485AF1A
:10247000086820F0A0000860608E00287FF47DAF1F
:10248000012084F84100204600F034F875E700BFD1
:1024900020684168B84221F060014160304608BFC1
:1024A0004046016821F0A0010160012084F841004C
:1024B000606C40F002006064204600F01DF880E788
:1024C0002068B84208BF4646316821F0A00131605B
:1024D000416821F060014160012084F84100606C96
:1024E00040F004012046616406B0BDE8F04100F010
:1024F00003B800007047000070470000002804BFC8
:10250000012070472DE9F041044690F8410050B990
:10251000002084F8400044F62900C0F60000606303
:10252000204600F0A5F8022184F841102068626975
:10253000C36940F6BF76B343022AC361016203D187
:102540002169022244E000BFD4E9020600252128C7
:102550004FF0010038BF012501F004F82169B1F501
:10256000007F07D1E368626963B10723002E08BFCB
:1025700006230BE00522002E08BF04222A44D04087
:10258000626905E00823002E08BF07232B44D840CA
:1025900000EB80004000B0FBF2F04CF6CD4205307D
:1025A000CCF6CC42A0FB02206FF0FF0202EB10122F
:1025B00012F1FE0F06D2606C40F010006064012042
:1025C000BDE8F081020900F00803206842EA4312E6
:1025D00011430162C16940F6BF7CD4E9015821EA88
:1025E0000C06E26846EA0806A36916432E431E431A
:1025F00046F40066C661266A012E31D142F27D267C
:1026000043F21C4EC0F60006C4F2000E66630EF5DF
:1026100079760EF54067B04204BF43F21C47C4F21E
:1026200000073968B04221EA0C01396044F2200108
:10263000C4F200014FF0020008BF0EF1040108606F
:1026400038686FF400714FF400660D4208BF4FF414
:102650001066304340EA08001043184380B23860E7
:1026600000200121606484F84110BDE8F081000081
:10267000B0B58CB043F200040068C4F2010400213C
:10268000A0420691059101D00CB0B0BD012001908F
:10269000C020039010200290022501A8049500F0AC
:1026A0008DFF002818BFFEF7E9FC002043F630013B
:1026B0000790C4F202014A6942F480524A614A69B1
:1026C00002F480520792079A07900A6842F00102CA
:1026D0000A60096801F001010791079948F2A00119
:1026E000CDE909000520CDE907150B9004F5504010
:1026F00007A9FEF7D7FF0CB0B0BD0000704700007F
:102700007047000040F20C0040F60C71C2F200006D
:10271000C2F2000100780A681044086070470000A7
:1027200080B543F60040C4F20200016841F4007134
:102730000160016841F480610160016841F48071C9
:102740000160032000F09CF80F2000F005F800F075
:1027500027F8002080BD000070B540F20C06C2F2E0
:10276000000640F218013278C2F200014FF47A7389
:102770000968B3FBF2F20446B1FBF2F1084601F03E
:1027800053FB0F2C4FF0010508D838B94FF0FF303C
:1027900021460022002500F047F87460284670BDED
:1027A00082B0002043F640010190C4F202014A6861
:1027B00042F480424A604A6802F480420192019ADF
:1027C0000090086840F080500860086800F0805071
:1027D0000090009802B07047002848BF704700F092
:1027E0001F01012202FA01F11C2202EAD0004EF27E
:1027F0008012CEF200028150BFF34F8FBFF36F8F74
:1028000070470000002848BF704700F01F010122F8
:1028100002FA01F11C2202EAD0004EF20012CEF2BE
:10282000000281507047000010B54EF60C5CCEF2ED
:10283000000CDCF80030C3F3022E8EF00704042CE9
:1028400028BF0424BEF103034FF0FF3E0EFA04F448
:1028500038BF0023A14399400EFA03F39A43114372
:1028600000F00F0200F160430901043A03F56443EC
:102870006244002848BF02F10C03197010BD00002B
:102880004EF60C51CEF200010A684FF6FF031A40D3
:1028900060F30A2242F0806040F0FD7008607047EB
:1028A000704700007047000070470000704700004C
:1028B000704700002DE9F04F89B0D0F800A006461F
:1028C000504604F06FFE18B109B0BDE8F08F00BFAC
:1028D000306804F095FE0028F6D0DAF80808C0F356
:1028E0000D213068C6F8D41404F08AFE0146306821
:1028F000890703D5416901F0020141610AF50061D0
:10290000049104F07DFE01463068C90608963BD567
:10291000816921F010018161DAF82040C4F343405D
:10292000062804F00F0519D0022828D147F6F070C8
:1029300014EA000823D005EBC50006EB8007D7F8A2
:1029400060124FEA18145046224604F05DFED7F894
:10295000600200EB1810C7F8600207E006F29C4125
:102960005046082204F050FEC4F30A1405EBC500DB
:1029700006EB8000D0F868122144C0F86812306875
:10298000816941F01001816104F03AFE000340F1D9
:10299000F5800898006804F011FE002800F0EE8031
:1029A000064608984FF4306400F29C4100F51D780B
:1029B0004FF0000B079119E00AEB0400022181603F
:1029C000B80642BF0AEB040020218160B80442BF70
:1029D0000AEB04004FF4005181600BF1010B760803
:1029E00004F1200408F1240800F0C880F007F4D0B6
:1029F00008985FFA8BF90068494604F0F9FD07462C
:102A0000C00763D00AEB040001218160089D28689B
:102A10002118036C8A68AD79012D29D1150735D4A9
:102A2000950600F1A38012F0280F4FD143F20B0559
:102A3000C4F65475AB4202D312F400422FD1D8F839
:102A400000200969BBF1000F6FF3DF41A2EB010128
:102A500048F80C1C35D1089BD3F86422002A00F0FA
:102A60008B80D3F860020844C3F8600229E000BFFD
:102A700043F20B05C4F65475FF35AB4216D1100472
:102A80000DD4900644BF202088601AE043F20B006A
:102A9000C4F65470834219D312F4004016D04FF498
:102AA00000408860380713D440E000BFBBF1000F3E
:102AB00007D10899D1F8641219B90021079A04F0D6
:102AC0004DFC08984946FFF7F1FE00BF38072DD5A9
:102AD0000AEB040008218160089843F20B020068A9
:102AE000C4F65472056C2044816895420AD311F4EF
:102AF000004107D04FF400418160089800F0F4FCD9
:102B000009E000BF089800F0EFFC43F20B00C4F6A8
:102B1000547085420AD308988079012806D1089814
:102B2000079A0068012104F019FC00BFF80642BFB3
:102B30000AEB040010218160B8077FF541AFDAF895
:102B40001400000604D50499486840F48060486089
:102B500018F81D0C01287FF42FAF002008F81D0C79
:102B60000898494600F040FB26E700BF2020886017
:102B70003807ADD4DAE700BF01219FE7DDF820B0C8
:102B8000CDF80CA0DBF8000004F03AFD400340F162
:102B9000D580DBF8000004F009FD002800F0CE80AD
:102BA00082460398012700F510660BF29C40002531
:102BB0000190029606E000BF5FEA5A0A05F101059E
:102BC00000F0BC805FEACA70F6D0DBF80000E9B222
:102BD000079104F0FBFC0446C00725D0049A05F0D9
:102BE0000F00516B07FA00F021EA0000506306EB7A
:102BF000451087609BF80600012811D105EBC50040
:102C00000BEB8000D0E907121144016245B9DBF8F3
:102C1000240028B9DBF80000019A012104F09EFB92
:102C200007995846FFF740FE200742BF06EB4510C4
:102C300008218160E00642BF06EB4510102181604B
:102C4000600642BF06EB451040218160A00715D504
:102C50000398294604F038FC05EBC5000BEB800017
:102C600010F8171F012905D1002101700799584656
:102C700000F0B8FA06EB45100221816020069BD5D2
:102C800005EBC5000BEB8002914659F8241FC8469E
:102C900058F8040F81428FD3DBF8006093465BF84D
:102CA0001C7F0B1ABB4238BF1F46069606EB451326
:102CB000D3F818C907F1030E1FFA8CF7B7EB9E0F74
:102CC00028D303F5106102F120070591D9F800100F
:102CD00081421FD9DBF80040089A081AA0423968DF
:102CE000967938BF0446DDE90602A3B2009604F0E7
:102CF00021FF3868D8F80010204438600819059979
:102D0000C8F800008969E21C89B2B1EB920FDDD2EC
:102D1000D9F80010DDF820B0029E012781423FF66D
:102D20004BAF069A05F00F00D2F8341807FA00F0FE
:102D300021EA0000C2F834083EE700BFDBF80000DB
:102D400004F05EFC002825D4DBF80000DDE90389EF
:102D500004F056FC000540D4DBF8000004F050FC01
:102D6000C0044BD5D9F80400102120F00100C9F8A7
:102D70000400DBF8000004F0A7FB9BF80400010648
:102D800000F0F080C1B2042900F003003AD2002123
:102D90009FE000BFDDF81090D9F8040020F001009A
:102DA000C9F804009BF8CC04012807D100208BF857
:102DB000CC0458460021FFF773FD02E0584600F0AE
:102DC0008FFBDBF80000DDF80C80416901F0004169
:102DD000416104F015FC0005BED5D9F80800C00714
:102DE00002D0584600F082FBDBF80000416901F494
:102DF0000061416104F004FCC004B3D4DBF80000BE
:102E0000E3E000BF6FF0600202EA411200234FF6D8
:102E10007F37002108EB0306C6F80879D6F8005979
:102E2000803325F40015C6F80059C6F8087BD6F89B
:102E3000005B9A4225F40015C6F8005BD6F8005BEB
:102E400001F1040145F00065C6F8005BC6F8287979
:102E5000D6F8205925F40015C6F82059C6F8287B65
:102E6000D6F8205B25F40015C6F8205BD6F8205B69
:102E700045F00065C6F8205BC6F84879D6F8405999
:102E800025F40015C6F84059C6F8487BD6F8405BD3
:102E900025F40015C6F8405BD6F8405B45F00065A8
:102EA000C6F8405BC6F86879D6F8605925F4001575
:102EB000C6F86059C6F8687BD6F8605B25F4001543
:102EC000C6F8605BD6F8605B45F00065C6F8605BED
:102ED000A0D1002846D008F5106202EB41134FF64E
:102EE0007F374E019F60955908F5306325F4001532
:102EF000955103EB4115AF609D59012825F400154C
:102F00009D519D5945F000659D512BD04E1C02EB03
:102F100046147501A760545903EB461624F40014B7
:102F20005451B7605F59022827F400175F515F5969
:102F300047F000675F5115D0881C02EB40174FF631
:102F40007F364101BE60575803EB401027F400174D
:102F500057508660585820F400105850585840F088
:102F600000605850D9F81C0040F00110C9F81C004E
:102F70009BF80F0040B1D9F8840040F00B00C9F86D
:102F8000840009F1440008E0D9F8140042F22B0152
:102F90000843C9F8140009F1100001680BF29C42C3
:102FA00041F00B010160D9F8000020F4FE60C9F87F
:102FB0000000DBF800009BF8061004F0CFF9DBF806
:102FC0000000416901F48051416104F019FB0146A0
:102FD000DBF8000089041AD503F00CFEDBF80000D2
:102FE00004F0D2FADBF800408BF8070000F046FC52
:102FF0009BF807200146204604F010FD584600F0DB
:103000006DFADBF80000416901F40051416104F000
:10301000F7FA000706D4DBF8000004F0F1FA000626
:103020000DD437E0584600F05DFADBF80000416946
:1030300001F00801416104F0E3FA00062AD5D8F84E
:10304000180020F08000C8F818009BF8040002283F
:1030500020D3012440F27B2505E000BF01348442E7
:1030600005F1240516D21BF805100129F6D104F04C
:103070000F0000EBC0000BEB80022006DBF8000025
:1030800002F1140158BF02F5157104F095F99BF88F
:103090000400E3E7DBF8000004F0B2FAC0024FD40A
:1030A000DBF8000004F0ACFA800240F17E809BF86F
:1030B000041002292BD308F5326001390BF51F7279
:1030C000012303E0013900F1200020D017460668F3
:1030D00012F8245B012DF5D1B6F1FF3FF2DCDBF8ED
:1030E000D45485EA1646F607ECD107F8013CD8F827
:1030F000187047F08007C8F81870D8F814703F06A9
:10310000E0D4D9F8040040F40070C9F80400DBF8FA
:103110000000416901F40011416104F071FA4000BE
:1031200049D55846FFF7BEFBDBF80000416901F0C6
:103130008041416104F064FA40077FF5C5AB41E08E
:103140009BF80400022825D308F512640BF13C0516
:103150000126012705E000BF0137874204F1200462
:1031600018D22946226815F8243B012BF4D1B2F17C
:10317000FF3FF1DC07F00F0000EBC00001F8016C2D
:103180000BEB8001DBF80000143104F015F99BF81B
:103190000400E1E7DBF80000416901F480114161BE
:1031A00004F02EFA80023FF582AFDBF8000004F055
:1031B00027FA4000B5D4DBF8000004F021FA4007FC
:1031C0007FF582ABDBF800004468610704D5584600
:1031D000FFF76EFBDBF8000041682143416009B056
:1031E000BDE8F08F704700007047000070B582B0F6
:1031F000002800F022810446056890F8950428B95B
:10320000002084F89404204600F028F90320B5F14A
:10321000A04F84F8950404BF0020A071206804F03A
:1032200095F894E80F00267C009603F0F3FC002844
:1032300040F000812068002104F03CFA002840F0B2
:10324000F98094F804E0BEF1000F00F0EC800EF07D
:10325000030CBEF1040F4FF000023FD30EF0FC034D
:10326000A4F1900503200121C61E85F8A460A5F8ED
:10327000BE60861E85F8C860A5F8E260461E85F827
:10328000EC60A5F8066185F81001A5F82A01061D75
:10329000013085F8A51085F8A820C5E92B22C5F8CE
:1032A000B42085F8C91085F8CC20C5E93422C5F8CA
:1032B000D82085F8ED1085F8F020C5E93D22C5F845
:1032C000FC2085F8111185F81421C5E94622C5F8BE
:1032D0002021903598423046C6D1F21EBCF1000F35
:1032E0002CD002EBC20004EB800301210020BCF1D2
:1032F000010F59751A75DA851876C3E90700586207
:103300001CD0531C03EBC30504EB8505BCF1020F75
:1033100069752B75EB852876C5E9070068620DD0C5
:10332000901C00EBC00104EB810101220875C885E7
:1033300000204A750876C1E907004862BEF1000F17
:1033400071D0BEF1040F4FF0000235D30EF0FC0037
:1033500003212346CE1E83F854628E1E83F87862C2
:103360004E1E83F8C0120D1D013183F8552283F8DB
:103370005822C3E99722C3F8642283F8792283F89C
:103380007C22C3E9A022C3F8882283F89D2283F817
:103390009C6283F8A022C3E9A922C3F8AC2283F877
:1033A000C12283F8C422C3E9B222C3F8D0229033E9
:1033B00081422946CED1EA1EBCF1000F33D002EB88
:1033C000C20004EB80010020BCF1010F81F855021E
:1033D00081F8542281F85802C1E99700C1F86402CB
:1033E00021D0511C01EBC10304EB8303BCF1020F9C
:1033F00083F8550283F8541283F85802C3E9970002
:10340000C3F864020FD0901C00EBC00104EB8101F3
:10341000002281F8552281F8540281F85822C1E92E
:103420009722C1F8642294E80F00267C009603F0EE
:103430003DFD38B1022084F895040125284602B0EC
:1034400070BD00BF00250120657484F895042068D4
:1034500003F01CFD284602B070BD00000068B0F10A
:10346000A04F18BF7047B0B586B0002543F63004B2
:103470000195C4F20204206801A940F00100206017
:10348000206800F00100019001984FF4C0500190B5
:103490000220CDE90205032004900A2005900020B7
:1034A000C4F20200FEF7FEF86068002140F08000E0
:1034B000606000956069002240F48040606160694E
:1034C00000F48040009000984320FFF7ADF94320BE
:1034D000FFF798F906B0BDE8B040704770470000AC
:1034E0007047000070470000704700007047000000
:1034F00081B02020C4F20E200121016047F20000BB
:10350000C4F2000000680090009801B0704700000D
:1035100047F20003C4F200031A684EF6105C22F072
:1035200003021043CEF2000C1860DCF800000329FF
:1035300040F00400CCF800000CD0012908D130BFC5
:10354000DCF8000020F00400CCF80000704700BF59
:1035500040BF20BF20BFDCF8000020F00400CCF802
:103560000000704701281CBF0020704743F684000C
:10357000C4F2020050F87C1C090242BF48F200006D
:10358000C0F2BB00704750F8801C0268490247F641
:103590004001C0F27D1102F03F025CBF42F20041E7
:1035A000C0F2F4010368B1FBF2F10068C3F38812C2
:1035B0005143C0F30270B1FBF0F07047F0B581B039
:1035C0000446006810F0050F2DD06827C4F2472785
:1035D00043F670060020C4F202063860FEF73EF99A
:1035E000054600BF56F8700C000105D5FEF736F908
:1035F000401B0228F6D93DE0221D07CA40EA81108F
:1036000040EA0270706101203860FEF727F9054634
:1036100056F8700C000105D4FEF720F9401B022873
:10362000F6D927E02068810758D543F670060020B8
:10363000C4F20206009056F8300C47F2000740F042
:10364000805046F8300C56F8300CC4F2000700F0F9
:10365000805000900098386840F480703860FEF721
:10366000FDF805463868C00508D4FEF7F7F8401B9A
:103670000228F7D9032001B0F0BD00BF306810F474
:10368000407013D0216901F4407188420ED0306837
:1036900040F64061C4F24721012220F440700A60E4
:1036A00000220A6030603068C00723D12068216999
:1036B00056F8682C4FF6FF4701F4407322F4F812D5
:1036C000C0F6FF770F40B3F5407F08BF3A4346F896
:1036D000682C32686FF31F3111433160000706D543
:1036E000207D40F64061C4F24721C1F8A0030020CC
:1036F00001B0F0BDFEF7B2F8054641F2883700BFD1
:1037000030688007D2D4FEF7A9F8401BB8424FF0CA
:103710000300F5D9ECE70000002804BF0120704742
:103720002DE9F04143F60808C4F202080446D8F82F
:10373000F8030D4600F00700884207D288F8F853D6
:10374000D8F8F80300F00700A84277D12068810775
:1037500017D5410705D5D8F8001041F4E051C8F855
:103760000010010705D5D8F8001041F46041C8F8F1
:103770000010D8F80010A26821F0F0011143C8F839
:103780000010C00740D1D8F8F80300F00700A842A5
:1037900007D988F8F853D8F8F80300F00700A842D2
:1037A0004CD12068410707D5D8F80010E26821F411
:1037B000E0511143C8F80010000708D5D8F8000000
:1037C000216920F4604040EAC100C8F8000000F020
:1037D00083F8D8F8001048F2B072C1F30311C0F6B4
:1037E0000002515C40F2180220FA01F140F2100090
:1037F000C2F200000068C2F200021160FEF7ACFFE6
:103800000020BDE8F08100BF6068811E022907D258
:1038100058F8081C89015CBF0120BDE8F08111E067
:10382000012807D158F8081C89035CBF0120BDE8B6
:10383000F08107E058F8081C890703D40120BDE88F
:10384000F08100BFD8F8001021F003010843C8F848
:103850000000FEF703F8064641F28837D8F800006A
:10386000616800F00C00B0EB810F8CD0FDF7F6FF23
:10387000801BB842F2D90320BDE8F08140F2180065
:10388000C2F200000068704740F2180043F60801D9
:10389000C2F20000C4F202010068096848F2C07276
:1038A000C1F38221C0F60002515CC840704700009D
:1038B00040F2180043F60801C2F20000C4F202010F
:1038C0000068096848F2C072C1F34231C0F60002D4
:1038D000515CC8407047000010B543F60404C4F2C0
:1038E0000204606800F00C0008280BD0042819BFFF
:1038F00042F20040C0F2F40047F64000C0F27D10F2
:1039000010BD00BF206821682368490247F64001C6
:10391000C0F27D1100F03F02C3F388105CBF42F299
:103920000041C0F2F401A1FB00010023FCF7DEFC22
:1039300021680222C1F3014102EB4101B0FBF1F029
:1039400010BD0000002804BF012070472DE9F041A0
:1039500082B00446007843F60006C007C4F20206AF
:103960000CD0B06800F00C00042840F08180306872
:10397000800303D56068002800F06A812078800702
:103980001BD5B06810F00C0F09D0B06800F00C0027
:10399000082840F087807068400200F1838030681A
:1039A000800703D5E068012840F052813068216922
:1039B00020F0F80040EAC10030602078000713D4FE
:1039C000207840072AD4A569002D00F03C81B0681A
:1039D00000F00C00082840F0A180012D40F010817B
:1039E000012002B0BDE8F0816069002840F20000CB
:1039F000C4F2472000F07E800121C0F8801EFDF750
:103A00002DFF0546706F8007DAD4FDF727FF401BB6
:103A10000228F7D9032002B0BDE8F081306C5FEADC
:103A2000C0080AD400200190306C40F0805030640F
:103A3000306C00F080500190019847F20007C4F20A
:103A400000073868C00547D4386840F48070386093
:103A5000FDF704FF054600BF3868C0053CD4FDF7FC
:103A6000FDFE401B0228F7D9032002B0BDE8F0811B
:103A7000B06800F00C00082803D1706840023FF5E0
:103A800076AF6068B0F5803F07D0B0F5A02F40F06A
:103A90009B80306840F480203060306840F4803093
:103AA00030609BE0E06800285CD00020C4F2472032
:103AB00001210160FDF7D2FE054600BF3068800796
:103AC0003FF574AFFDF7CAFE401B0228F6D903206C
:103AD00002B0BDE8F08100BFA068012805D005282C
:103AE00054D1306F40F004003067306F40F0010077
:103AF000306755E00021C0F8801EFDF7AFFE054697
:103B0000706F80077FF55CAFFDF7A8FE401B0228B1
:103B1000F6D9032002B0BDE8F08100BF0027C4F24F
:103B2000472700203866FDF799FE022D05460DD186
:103B30003068800140F19080FDF790FE401B022824
:103B40004FF00300F4D902B0BDE8F0813068800185
:103B500079D5FDF783FE401B02284FF00300F5D90D
:103B6000F1E700BF0020C4F2472000210160FDF70B
:103B700075FE0546306880077FF51FAFFDF76EFEC6
:103B8000401B02284FF00300F4D9DCE7316F002816
:103B900021F001013167316F21F0040131677DD0DF
:103BA000FDF75CFE054641F2883700BF306F8007A5
:103BB00000F18680FDF752FE401BB842F6D9032083
:103BC00002B0BDE8F08100BF3168002821F48031E7
:103BD0003160316821F4802131607BD0FDF73EFEF9
:103BE000054600BF306880033FF5C8AEFDF736FEDE
:103BF000401B6428F6D9032002B0BDE8F08100BF65
:103C00007068E16900F480028A4221D1216A00F0E3
:103C10003F028A421CD147F6C071626A0140B1EB93
:103C2000821F15D1A16A4FF6FF73C903994300F4AF
:103C30004032A1F580318A420AD1E16A00F0706019
:103C4000B0EB016F04D1002002B0BDE8F08100BFED
:103C5000012002B0BDE8F08104F11C052FCD08431E
:103C600040EA8210D9034FF6FF729143A1F58031EB
:103C700040EA05600843706001203866FDF7EEFDFC
:103C8000044600BF30688001DDD4FDF7E7FD001B6E
:103C900002284FF00300F5D955E700BFFDF7DEFD20
:103CA000054641F2883700BF306F800708D5FDF721
:103CB000D5FD401BB8424FF00300F5D943E700BFE4
:103CC000B8F1000F3FF57FAE306C20F080503064CB
:103CD00079E600BFFDF7C2FD054600BF30688003EE
:103CE0007FF54CAEFDF7BAFD401B64284FF0030092
:103CF000F4D928E74EF21000CEF20000016841F03E
:103D0000020101607047000070B538B10446406A96
:103D100030B10020206104F1140007E0012070BDE3
:103D20006068B0F5827F03D004F11C0000210160BF
:103D30000026A66294F8510020B9204684F850600D
:103D400000F03CF8022084F8510094E80F0001F4E0
:103D50008271056802F4044225F0400505601144B3
:103D600003F400622369114403F002026369114401
:103D700003F00102A369E569114403F400721144E0
:103D800005F03802256A114405F08002A56A114346
:103D900005F4005211430160626A042101EA1341F3
:103DA00002F0100211444160C16921F40061C16157
:103DB0000120666584F85100304670BD016843F605
:103DC0000040C4F20000814218BF704780B586B041
:103DD000002143F630020191C4F20202136900F59A
:103DE000E43043F400431361136903F40043019387
:103DF000019B0191136843F002031360126802F003
:103E000002020192019A382201920222CDE9022196
:103E1000032104910621059101A9FDF743FC06B099
:103E2000BDE8804070470000411E0020B0EB116FDC
:103E30001CBF012070474EF21002CEF2000251600A
:103E40004EF62351CEF20001F0230B700721906053
:103E5000116070474EF21000CEF20000016821F0B0
:103E6000020101607047000090F83C20012A4FF0E9
:103E7000020241D010B580F83D200268D2F804E07B
:103E8000D2F808C00C682EF07003234340F6FF34CC
:103E9000C4F20004A242536010DCB2F1804F1ED085
:103EA00040F20043C4F200039A4218D040F60003E7
:103EB000C4F200039A4212D016E000BF40F600435D
:103EC000C4F200039A420AD044F20003C4F2010390
:103ED0009A4204D00023C4F201039A4204D14968F3
:103EE0002CF08003194391600121002280F83D10DD
:103EF00080F83C20BDE8104010467047002804BF01
:103F0000012070472DE9F047044690F83D000D462A
:103F100028B9002084F83C00204600F049F802202F
:103F200084F83D00206844F2070281689143816073
:103F3000211D02F06BFD20684FF6FF7881688269D1
:103F4000D0F820C0D5E9003ED5E9026A43EA01096C
:103F5000AB6922EA080246EA03234FF6FC46B34364
:103F6000D5E9076742EA0A0229691A4342EA0622AA
:103F700042EA01112CF0AA026B6942EA0E0241EA00
:103F8000073142EA0312C0F8089081610262012001
:103F900084F8460084F83E0084F83F0084F842002C
:103FA00084F8430084F83D000020BDE8F08700005D
:103FB0000068B0F1804F18BF704780B586B0002010
:103FC00043F630010190C4F202010A6942F0010295
:103FD0000A610A6902F001020192019A01900A68DD
:103FE00042F001020A60096801F0010101910199A2
:103FF000032101910221CDE90210049001200590D6
:104000000020C4F2020001A9FDF74CFB06B0BDE898
:104010008040704780B590F83E2090F83F3090F88F
:1040200042E090F843C004290AD0B9B9012A4FF000
:10403000010208BFBEF1010F34D0104680BD00BFA1
:10404000012B4FF0010208BFBCF1010FF5D1022195
:1040500080F83F1080F8431000681EE0012A4FF0FE
:10406000010208BF012BE8D1BEF1010FE5D1BCF17F
:10407000010FE2D1022280F83E2080F83F2080F834
:10408000422080F8432091B10068016A21F00101CB
:104090000162016A41F00101016210216FF010021A
:1040A00009E000BF022180F83E1080F8421000684D
:1040B00001216FF00102036A1A400262026A114391
:1040C00001620168002241F001010160104680BDDB
:1040D000002804BF0120704710B5044690F8410045
:1040E00028B9002084F84000204600F021F8242060
:1040F00084F841002068C16821F40051C160204665
:1041000002F000FD2068016921F4904101614169DC
:1041100021F02A014161C16841F40051C1600020D1
:104120002021606484F8411084F84210606310BD5F
:10413000016844F20040C4F20000814218BF704799
:1041400080B586B0002143F630020191C4F202022C
:10415000136900F5DE3043F400331361136903F48F
:1041600000330193019B0191136843F00103136035
:10417000126802F001020192019A0C2201920222BD
:10418000CDE90221032104910721059101A9FDF741
:1041900089FA06B0BDE8804070470000FEE70000E5
:1041A0002DE9F04782B0044600689A460B9D0A9EAE
:1041B0000368914643F48062026002680F4642F44D
:1041C0008071016020464FF00111002233460095B6
:1041D00000F032F950B120680068C00544BF4FF4C8
:1041E00000702064032002B0BDE8F08740F20208AE
:1041F0002068C0F2010807F0FE070761204641462B
:1042000032462B4600F0FEF920B1012002B0BDE895
:10421000F08700BF0020019020682A464169019183
:104220008069314601900198204600F09FFAB0B9AC
:104230002068BAF1010F09D04FEA19210161204627
:1042400031462A4600F092FA48B920685FFA89F1AF
:104250000161204631462A4600F088FA60B1206CA0
:104260000428D2D12068016841F400710160012066
:1042700002B0BDE8F08700BF206800220168334625
:1042800041F48071016020464FF00111009500F06B
:10429000D3F800289FD147F0010C276820464146FB
:1042A00032462B46C7F810C002B0BDE8F04700F018
:1042B000A9B900002DE9F04383B0044600680D461B
:1042C00001680A9F0B9E41F48071994690460160F7
:1042D00020464FF0011100223B46009600F0ACF85A
:1042E00050B120680068C00544BF4FF400702064DE
:1042F000032003B0BDE8F083206805F0FE010161F2
:104300000221C0F2010120463A46334600F07AF914
:1043100020B1012003B0BDE8F08300BF002002906F
:1043200020683246416902918069394602900298BC
:10433000204600F01BFA58B1206C0428E9D120680F
:10434000016841F400710160012003B0BDE8F08311
:104350002068B9F1010F0AD04FEA18210161204607
:104360003946324600F002FA0028E5D120685FFAAB
:1043700088F10161002003B0BDE8F08370B50368E7
:10438000044653F8140F400711D40E46481C29D098
:1043900086BB00BF1868400527D4FDF75FFA236885
:1043A00053F8140F400737D518684007F2D500209E
:1043B00070BD00BF18684007F9D41868400514D4D0
:1043C00018684007F3D4186840050ED418684007F1
:1043D000EDD41868400508D4186840074FF0000075
:1043E00048BF70BD18684005E4D56FF48060186060
:1043F000042012E0154603E053F8140F4007D6D40A
:1044000018684005F1D4FDF729FA401B2368B04233
:10441000F2D958694007EFD42020002120222163DF
:1044200084F83D2084F83E10226C10432064012063
:1044300084F83C1070BD00002DE9F041054600688D
:104440001E46144601F47F0201338FB242D0DDF8DC
:104450001880B2F5803F40F0878040693840C01B2B
:10446000B0FA80F04009A04240F0C8804EB924E084
:1044700040693840C01BB0FA80F04009A04240F0CB
:10448000BD80FDF7EBF9A0EB08012868B142EFD938
:1044900041693940C91BB1FA81F14909A142E7D10B
:1044A0009BE000BF40693840C01BB0FA80F0400973
:1044B000A0424FF0000040F0A280FDF7CFF928683D
:1044C00041693940C91BB1FA81F14909A142E9D1D9
:1044D00083E000BFB2F5803F24D100BF416939407D
:1044E000C91BB1FA81F14909A14240F087804169B5
:1044F0003940C91BB1FA81F14909A14240F07E80DF
:1045000041693940C91BB1FA81F14909A14275D10C
:1045100041693940C91BB1FA81F14909A142DDD095
:104520006CE000BF81693940C91BB1FA81F14909CA
:10453000A14263D181693940C91BB1FA81F14909AE
:10454000A1425BD181693940C91BB1FA81F14909A6
:10455000A14253D181693940C91BB1FA81F149099E
:10456000A142DFD04AE000BF80693840C01BB0FAEA
:1045700080F04009A04241D146B923E0806938402B
:10458000C01BB0FA80F04009A04237D1FDF766F9B0
:10459000A0EB08012868B142F0D981693940C91BF4
:1045A000B1FA81F14909A142E8D116E080693840A9
:1045B000C01BB0FA80F04009A0424FF0000018BFC5
:1045C000BDE8F081FDF74AF9286881693940C91BC7
:1045D000B1FA81F14909A142E8D1002020212863E4
:1045E00085F83D1085F83E00296C41F020012964D2
:1045F00085F83C000120BDE8F08100BF0020BDE847
:10460000F0810000F0B581B0044600681D464369A2
:104610008FB203EA0701B94202D1002001B0F0BD18
:104620004169164601323FD049053FD4CEB100BFA3
:10463000FDF714F9411B2068B14203D941693940A3
:10464000B94215D141693940B942E6D041694905BD
:10465000EED52BE041693940B942DED041694905C8
:1046600024D4FDF7FBF8206841693940B942F1D004
:10467000202023E041693940B942CED04169490543
:1046800014D441693940B942C7D0416949050DD4B4
:1046900041693940B942C0D04169490506D44169F0
:1046A0003940B942B9D041694905E3D5016841F4BF
:1046B000007101606FF480614161042000212022BB
:1046C000216384F83D2084F83E10226C104320645E
:1046D00084F83C10012001B0F0BD000070B5044624
:1046E0000068154650F8143F5A063DD40E4629B9C5
:1046F00026E000BF50F8141F490635D40168C906EA
:1047000021D4FDF7ABF8411B2068B142F2D94169D1
:104710004906EFD400202021206384F83D1084F85E
:104720003E00206C40F0200018E000BFFDF796F836
:10473000206850F8141F4906ECD50168490613D4C7
:104740000168C906F2D56FF0100101600020202138
:10475000206384F83D1084F83E00206C2064002023
:1047600084F83C00012070BD002070BD70B5036866
:10477000044653F8140F000611D40E46481C29D0E5
:1047800086BB00BF1868400527D4FDF767F823688B
:1047900053F8140F000637D518680006F2D500202C
:1047A00070BD00BF18680006F9D41868400514D41D
:1047B00018680006F3D4186840050ED4186800067F
:1047C000EDD41868400508D4186800064FF00000C2
:1047D00048BF70BD18684005E4D56FF4806018606C
:1047E000042012E0154603E053F8140F0006D6D457
:1047F00018684005F1D4FDF731F8401B2368B0423A
:10480000F2D958690006EFD420200021202221632C
:1048100084F83D2084F83E10226C1043206401206F
:1048200084F83C1070BD000010B584B004460068E8
:104830008168039194F84110042935D10399C9077F
:1048400016D04168490613D5C168E26A22F8021BF6
:10485000E262618E01396186618E49B9416821F059
:1048600060014160012084F841002046FDF746FFC9
:104870000398400618D520684168890614D5416818
:1048800021F06001416000210291C16802918068BD
:1048900002900298012084F84100606C40F0020010
:1048A00060642046FDF728FE94F84100032817D1E4
:1048B000039880070DD520684168090609D5616A0B
:1048C00031F8022BC2606162618D01396185618DB1
:1048D000F1B10398000703D520684168890601D427
:1048E00004B010BD416821F0A00141600021019198
:1048F000806801900198012084F84100606C40F0CC
:1049000004012046616404B0BDE81040FDF7F4BD29
:10491000416821F0A0014160012084F84100204657
:10492000FDF7EEFE03980007D6D4D9E7B0B584B002
:1049300040F6080042F2000101220024C2F2000009
:10494000C4F20101C0F6007201250394047680F8D8
:104950002040C0E90A24C56180F83040C0E9001455
:10496000C0E90244C0E90445FCF762FC002818BF16
:10497000FCF784FB0920CDE9000540F60800C2F2EF
:10498000000069460294FCF797FB002818BFFCF76B
:1049900075FB04B0B0BD00002DE9F04F87B00027D3
:1049A00043F63000CDE905770197C4F202000168B3
:1049B00040F2000B41F0040101600168C4F2020BF7
:1049C00001F0040101910199019701680BF58065DF
:1049D00041F0800101600168002201F08001019135
:1049E0000199019701684FF4E84941F00101016024
:1049F000016801F00101019101990197016841F0FD
:104A00000201016000684FF4E84100F002000190EB
:104A100001982846FCF71CFF58464FF4C06100225D
:104A20004FF4C068FCF714FF4FF4005002AE029040
:104A30004FF4881A0BF500603146CDE903A7FCF767
:104A400031FE1020CDE90207584631460497FCF7A5
:104A500029FE48F20120CDE9020A28463146049792
:104A6000FCF720FE012428463146CDF80890CDE918
:104A700003470597FCF716FE58463146CDE90284F8
:104A8000CDE90477FCF70EFE07B0BDE8F08F00001B
:104A900080B540F6500045F20041C2F20000C4F279
:104AA000000148F2A06200234FF4804CC0F20102E2
:104AB00080E80E00C0E9033CC0E90533C0E90733D4
:104AC000FCF7D2FE002808BF80BDBDE88040FCF79F
:104AD000D5BA000080B540F6A40045F6004C41F67A
:104AE0008022C2F20000C4F2000CC0F206024FF4B1
:104AF00080430021C0E900C2C0E90231C0E90431AD
:104B0000C0E906110162FCF7AFFE002808BF80BDB6
:104B1000BDE88040FCF7B2BA80B540F6F80043F239
:104B20000001C2F20000C4F2010100234BF6803CF8
:104B30004FF4007280E80E00C0E90333C0E905C3FA
:104B4000C0E90733FDF7DAFC002808BF80BDBDE8E7
:104B50008040FCF793BA000080B540F6246043F62D
:104B60000041C2F20000C4F200014FF4827200233F
:104B70004FF4007C80E80E000A21C0E90333C0E94D
:104B8000053CC361C0E90833C0E90A31FFF7BCF84E
:104B9000002808BF80BDBDE88040FCF76FBA000068
:104BA00080B58CB040F67C600021C2F200004FF06E
:104BB00080424FF0FF33C0E900210122CDE900110E
:104BC000C0E9021301618161CDE90321CDE905212D
:104BD000CDE90711CDE909210B9103A9FFF78EF962
:104BE000002818BFFCF74AFA40F67C60C2F20000C9
:104BF0006946FFF739F9002818BFFCF73FFA0CB0F7
:104C000080BD000080B540F6C46044F20041C2F2AD
:104C10000000C4F2000100234FF00C0C4FF4E1320D
:104C200080E80E00C0E90333C0E905C3C361FFF7A4
:104C30004FFA002808BF80BDBDE88040FCF71EBACF
:104C400080B540F64010C2F200004FF0A041016074
:104C5000042101714FF40071C1800221C0F80910D4
:104C60000021C181FEF7C2FA002808BF80BDBDE85F
:104C70008040FCF703BA0000FEE7000070B540F288
:104C80005034C2F20004207800283FD02179207AE5
:104C9000884247D2216900EB800001EB8005A868BB
:104CA000002818BF8047EE6856B1287C40B12979AA
:104CB00020710020217026612072012031E000BFA8
:104CC000286849F2C151C0F60001FBF75DFD58B1FB
:104CD00028792178884225D0A6B1297C207000202F
:104CE00026612171207270BD207B01280ED000202A
:104CF000207020722073FCF7D9F9BDE8704001F0F4
:104D00003DBD00BF207B012818BF70BD0120207071
:104D100040F25C10C2F200002061072020710020E8
:104D20002072207370BD000040F25030C2F20000CB
:104D300000214173704700002DE9F04F85B0834694
:104D40000220C2FA50F401200F468DF813004FF0F4
:104D5000000805218DF80F000DF113001E461546C1
:104D60008DF812808DF811808DF81010FBF766FF1A
:104D70000DF11200FBF7F6FE0DF11100FBF7BCFE82
:104D800004A8FBF783FE0DF10F00FBF721FF5FFA8C
:104D900084FAB7EB0A04029738BF44464FF0100874
:104DA000CDF804A014E000BFA9EB0500B0FA80F034
:104DB000430948F00800C1B27120042200F04EFA05
:104DC00008F11008013CB8F1400F0AF1010A7BD04C
:104DD000002C79D05FFA8AF9A9450BD15FFA88F1E6
:104DE0000020802210230027009700F05DFB0127A0
:104DF00001E000BF002709EB89005BF8202048F0A4
:104E0000020049F20003C1B20420C0F6000300977B
:104E100000F064FE032EA9F1010013D1022811D87D
:104E20009DF81300B9F1010F08BF0028BCD0B9F1FB
:104E3000020F08BF0128B7D0B9F1030FC0D1022873
:104E4000B2D0BDE7042E07D1072805D89DF8101071
:104E50008842A9D0B4E700BF052E15D1022813D887
:104E60009DF81200B9F1010F08BF00289CD0B9F1DC
:104E7000020F08BF012897D0B9F1030FA0D1032872
:104E80003FF492AF9CE700BF062E11D101280FD846
:104E90009DF81100B9F1010F08BF01283FF484AF5C
:104EA000B9F1020F7FF48CAF00283FF47DAF87E7A4
:104EB000072E7FF485AF03283FF682AF9DF80F10D1
:104EC00088423FF471AF7BE7029C032C1BD9032D72
:104ED0000AD348F2D07300270CA2C0F60003782052
:104EE0000021009700F0CEFD01980330A0420AD2C5
:104EF00048F2D073002706A2C0F6000378203821BC
:104F0000009700F0BFFD05B0BDE8F08F5E00000027
:104F10007600000080B540F25030C2F2000000215F
:104F2000017001720173FCF7C1F8BDE8804001F027
:104F300025BC000040F25030C2F2000000787047FB
:104F400040F2503040F25C12C2F20000C2F20002A5
:104F50000021026107220170027101720173704722
:104F600040F25030C2F20000807B704740F2503077
:104F7000C2F20000407B70472DE9F04182B040F260
:104F80005035C2F20005687B10B102B0BDE8F08177
:104F900040F67C60C2F200000068406A6969411A0C
:104FA000B1F5004FA8BFA1F5803111F5004FD8BF72
:104FB00001F58031022913D32A786AB12A7A0229AD
:104FC00006DB2B79013B934206DD012302E000BFA3
:104FD00012B1FF231A442A7201F00101401A6861DC
:104FE00040F20040C4F202004FF40071FCF72AFCCA
:104FF00040F21406C2F2000631780446012908BFC7
:10500000002C05D0002908BF002C49D10AE000BFC0
:10501000FCF724FC3178A8610020E873002908BF60
:10502000002C3DD12878D8BBFCF718FCA969401AA0
:10503000B0F57A7F38D3A0F57A77380940F20111BC
:105040007C28E98100F2828000F012FD49F2100311
:105050004FF0000845A2C0F6000327200A21CDF832
:10506000008000F03BFD0E202D2164220C23CDF8A2
:10507000008000F0B5FB142F0FD3B8B24CF6CD4131
:1050800048436FF0010101EB1050C2B20F202E21F6
:105090000A23CDF8008000F007FA01F0A5F903E03B
:1050A000002908BF012C31D02878347000283FF443
:1050B0006CAFE87B00287FF468AF00F0D9FC2C7857
:1050C000601EC0B206281CD848F29471C0F60001D8
:1050D00051F8202049F200030026C0F6000300200A
:1050E0000021009600F0FAFC00200E217F220E2302
:1050F000009600F0F9F9286929792A7A2346FFF702
:105100001BFE02B0BDE8F04101F06EB9FCF7A6FB52
:10511000E97B012902D10020E881C5E7A969401A8D
:10512000B0F57A7F18D928780028BDD0287B0128CF
:1051300018D10120287040F25C10C2F200002861F2
:1051400007202871002028722873ADE70120A5F8F8
:105150000D0002B0BDE8F081152828BFFFF78EFDD5
:10516000A2E700BFFFF7D6FE9EE700BFE585B3E6E6
:105170009CBA000080B5012001F0D0FA0120BDE802
:105180008040FBF737BE000080B5002001F0C6FA72
:105190000020BDE88040FBF72DBE000080B5032055
:1051A00001F0BCFA0320BDE88040FBF723BE0000FD
:1051B000FEE7000070B582B040F2847440F6A405AA
:1051C000C2F200048D20C2F2000560704FF0FF367D
:1051D00028467821224602230096FCF701FD102084
:1051E000607028467821224602230096FCF7F8FCDE
:1051F000AE20607028467821224602230096FCF7F4
:10520000EFFC02B070BD000070B582B040F2847453
:1052100040F6A405C2F200048D20C2F200056070C1
:105220004FF0FF3628467821224602230096FCF7ED
:10523000D7FC14206070284678212246022300966D
:10524000FCF7CEFCAF20607028467821224602236E
:105250000096FCF7C5FC02B070BD00002DE9F04FD0
:1052600088B002900320A0EB420600200793009133
:10527000059017E00598019E013031B2062705B26E
:1052800007EB8007801AB1F1FF3FC8BF013A12B2A5
:105290004FF00A01C8BF01EB800795423E440595D7
:1052A00000F3FE8002980196841A151820B28542F8
:1052B0006EDA02980599441A0D1820B28542D9DB9E
:1052C000009901275018C6B200F0070007FA00F055
:1052D0000490C0430690881A5FFA80FA00F0070035
:1052E00007FA00F04FEAD60BC3434FEADA0C0390FB
:1052F0000FE000BF40F28431C2F2000101EBCC119B
:1053000011F80E701F4001F80E70013421B28D4269
:10531000B0DB5FFA84FE3F2E04F080011CD8D9B9BF
:1053200040F284370021C2F20007BAF13F0F88BF74
:10533000012107EBCB17079817F80E9007EB0E0823
:1053400041EADE1190B1069F002907EA090788F8B3
:105350000070CFD0D9E700BFBAF13F0FD5D80029F0
:10536000D3D107980028C5D107E000BF049F0029CA
:1053700047EA090788F80070C7D140F28431C2F2C9
:10538000000101EBCC1111F80E7003980743BAE746
:105390000098059E3718861B5FFA86F806F0070608
:1053A0000120F9B200FA06F60496F6433F294FEAC7
:1053B000D80E06962ED9B8F13F0F3FF67AAF079870
:1053C00028B918E0013420B28542FFF672AF2006FA
:1053D000F8D440F28431C2F20001E0B201EBCE1108
:1053E0000F5C069E37400F54ECE700BF013420B23B
:1053F0008542FFF65EAF2006F8D440F28431C2F257
:105400000001E0B201EBCE110F5C049E37430F5454
:10541000ECE700BF07F0070700FA07F36FEA030A9B
:105420004FEAD10906E000BF8155013420B2854220
:10543000FFF63FAF2706F8D440F28430C2F20000F6
:10544000E6B2002100EBC910B8F13F0F88BF01217F
:10545000871910F806C0079841EAD61B80B10CEAFC
:105460000A00BBF1000F3870DFD140F28430C2F285
:10547000000000EBCE10815D069F3940D4E700BFED
:105480004CEA0300BBF1000F3870CED140F28430FB
:10549000C2F2000000EBCE10815D049F3943C3E7E8
:1054A00008B0BDE8F08F0000002B08BF70472DE961
:1054B000F04381B00646DDF8208010441C46894642
:1054C0000025C7B205EB0900C1B230463A460B468B
:1054D000CDF8008000F008F80135E8B2A042F1D321
:1054E00001B0BDE8F04370472DE9F04F099E9042AE
:1054F00038D199421A4647B288BF0A46002F39D49C
:10550000994240F2843738BF0B460121C2F20007AE
:1055100026B917E00133DEB296422BD8DEB23F2E19
:10552000F8D803F0F80607EB061603F00705345C1D
:1055300001FA05F524EA05053554EBE70133DEB23F
:10554000964217D8DEB23F2EF8D803F0F80607EBE4
:10555000061603F00705345C01FA05F525433554BA
:10556000ECE700BF994207D19042114688BF01463F
:105570003F2B6BD9BDE8F08FA2EB000CA3EB010E23
:10558000BCF1010F4FF0010B4FF0010AB8BF4FF013
:10559000FF3BBEF1010FB8BF4FF0FF3ABCF1000F67
:1055A00048BFCCF1000CBEF1000F48BFCEF1000E99
:1055B000F44540F28F8040F2843900234FF0010817
:1055C000C2F2000976B92FE00EFA83F31C045844A6
:1055D000BCEBE43F04B21DB2DCBF5144A5EB0C03AD
:1055E0009442C7D00406EFD4CEB23F2EECD806F0DA
:1055F0000705C1F3C406C4B209EBC616375D08FA45
:1056000005F527EA05053555DEE700BF0EFA83F3F9
:105610001C045844BCEBE43F04B21DB2DCBF51444F
:10562000A5EB0C039442A5D00406EFD4CEB23F2ED6
:10563000ECD806F00705C1F3C406C4B209EBC616E0
:10564000375D08FA05F53D433555DFE703F00707F9
:105650000125904205FA07F538BF0246002E4FEAB1
:10566000D30300F0858040F28437C2F20007E8439C
:1056700007EBC31305E000BF0432D7B28F423FF6F9
:1056800079AF57B2002F03D4D7B2DE5D0640DE55A6
:10569000561CF7B28F423FF66DAF76B2002E02D4A1
:1056A000DE5D0640DE55961CF7B28F423FF662AFD4
:1056B00076B2002E02D4DE5D0640DE55D61CF7B26F
:1056C0008F423FF657AF76B2002ED5D4DE5D06404E
:1056D000DE55D1E740F2843900224FF00108C2F2D2
:1056E000000986B931E000BF0CFA82F2140451447B
:1056F000BEEBE43F0CB215B2DCBF5844A5EB0E0282
:105700009C423FF437AF0406EED4CEB23F2EEBD826
:1057100006F00705C1F3C406C4B209EBC616375D2F
:1057200008FA05F527EA05053555DDE70CFA82F29A
:1057300014045144BEEBE43F0CB215B2DCBF584434
:10574000A5EB0E029C423FF415AF0606EED4CEB296
:105750003F2EEBD8C1F3C404C7B209EBC41406F062
:105760000706E55D08FA06F63543E555DEE700BFB6
:1057700040F28430C2F2000000EBC31005E000BF2D
:105780000432D3B28B423FF6F5AE53B2002B03D4B2
:10579000D3B2C75C2F43C754571CFBB28B423FF6B2
:1057A000E9AE7FB2002F02D4C75C2F43C754971CC9
:1057B000FBB28B423FF6DEAE7FB2002F02D4C75C55
:1057C0002F43C754D71CFBB28B4288BFBDE8F08F74
:1057D0007FB2002FD4D4C75C2F43C754D0E700005A
:1057E0002DE9F04182B006461044DDF82080C5B2B4
:1057F0001F4630462A460B460C46CDF80080FFF780
:1058000073FE3819C7B2304639462A463B46CDF8B2
:105810000080FFF769FE3046214632463B46CDF810
:105820000080FFF761FE284621462A463B46CDF818
:105830000080FFF759FE02B0BDE8F0812DE9F0438A
:1058400081B040F2847440F6A405C2F20004AE2098
:10585000C2F2000560704FF0FF36284678212246DC
:1058600002230096FCF7BCF94FF020082846782167
:105870002246022384F801800096FCF7B1F9102734
:10588000284678212246022367700096FCF7A8F983
:10589000B020607028467821224602230096FCF74B
:1058A0009FF9C8206070284678212246022300967E
:1058B000FCF796F94FF0000928467821224602238A
:1058C00084F801900096FCF78BF92846782122464F
:1058D000022367700096FCF783F940206070284629
:1058E0007821224602230096FCF77AF98120607025
:1058F00028467821224602230096FCF771F9DF2022
:10590000607028467821224602230096FCF768F949
:10591000A120607028467821224602230096FCF7D9
:105920005FF9A6206070284678212246022300965F
:10593000FCF756F9A82060702846782122460223F9
:105940000096FCF74DF93F206070284678212246EA
:1059500002230096FCF744F9A420607028467821C1
:10596000224602230096FCF73BF9D32060702846BC
:105970007821224602230096FCF732F92846782146
:105980002246022384F801900096FCF729F9D520DD
:10599000607028467821224602230096FCF720F901
:1059A000F020607028467821224602230096FCF7FA
:1059B00017F9D920607028467821224602230096E4
:1059C000FCF70EF922206070284678212246022337
:1059D0000096FCF705F9DA20607028467821224607
:1059E00002230096FCF7FCF812206070284678210C
:1059F000224602230096FCF7F3F8DB20607028466D
:105A00007821224602230096FCF7EAF828467821FE
:105A10002246022384F801800096FCF7E1F88D20ED
:105A2000607028467821224602230096FCF7D8F8B9
:105A30001420607028467821224602230096FCF745
:105A4000CFF840F28430C2F200004FF48061FAF7E0
:105A500072FE00F0C9FCAF20607028467821224613
:105A600002230096FCF7BCF801B0BDE8F08300000B
:105A700080B540F28430C2F200004FF48061FAF742
:105A80005AFE80BD2DE9F04782B09A46137813B3D1
:105A90000646DDF828809AF801008946571E00BFA7
:105AA0009AF80050A3F12002EB1DDAF80410DC088C
:105AB000C3B202FB03F000FB0412F0B24946CDE989
:105AC000005800F033F99AF80100BB780644002B27
:105AD00007F10107E4D102B0BDE8F0872DE9F04FEE
:105AE00087B092F800900492B9F1000F039100F092
:105AF00099800446581C0290187859780730C008DD
:105B000048430430049D9A465FFA80FB4FF000083A
:105B10001AE000BF221D069CBA463D787B780399A7
:105B2000109FE0B2CDE9005700F000F90298B044B0
:105B3000049A1FFA88F1007812F801900444B9F130
:105B4000000F12FA88F56DD04FFA89F1B1F1FF3FDD
:105B5000CDE9051408DD012657469AF808A0BAF1E8
:105B6000000F25D131E000BF09F0E000C02807D1C7
:105B7000022657469AF808A0BAF1000F18D124E07F
:105B800009F0F000E02807D1032657469AF808A04C
:105B9000BAF1000F0CD118E009F0F800F02841D15B
:105BA000042657469AF808A0BAF1000F0DD000BF9E
:105BB0007C6800BF284621463246FAF74BFD002894
:105BC000A8D0BAF1010A5C44F4D1F868059B0578C5
:105BD0003978002B039BA1EB05014268BA461944B2
:105BE00012D4EB1DA9F12006DC08437806FB04F073
:105BF000069C00FB0322109FE0B2C9B2CDE900571A
:105C000000F094F8012608E0069C4378109FE0B26B
:105C1000C9B2CDE9005700F089F8DAF80C0001307C
:105C200085E700BF07B0BDE8F08F00002DE9F04F19
:105C300001F0070CDDF824E003EB0C04092C4FEA1B
:105C4000D10847D345B2002D20D43F291ED8CCF12E
:105C5000080BFF2323FA0BF940F28433C2F200034E
:105C600002FA0CF603EBC813BEF1000F18BFF6439F
:105C700013F800A046EA09070AEA07096FF0FF07D0
:105C800047FA0BF73E4046EA09061E54002D4BD456
:105C9000372949D804F1F703CCF10807FA40DBB201
:105CA0004FF4FF7707FA03F340F2843708F101015C
:105CB000C2F2000707EBC111BEF1000F18BFD243BB
:105CC0000F5C42EA030637409A433A430A54BDE860
:105CD000F08F00BF43B2002B26D43F2988BFBDE818
:105CE000F08F611EC9B24FF4FF7340F2843603FA9D
:105CF00001F1CCF10803FF27C2F2000602FA0CF210
:105D0000DF4006EBC816BEF1000F18BFD2431743A1
:105D1000355C0F432F406FF0FF0545FA03F323EA8C
:105D20000101114039433154BDE8F08F2DE9F04FA6
:105D300093B0002B0592119100F052838146DDE96A
:105D40001C0A1D46BAF1000FD0464FEAD00218BF18
:105D50004FF0FF38082800F0070B05D2BBF1000F09
:105D600040F023833CE300BF1198CDF8189000F079
:105D70000707C7F10801FF20C84012906FF0FF002D
:105D800040FA01F91046CDF808B00E91012A0192AF
:105D900098BF012000F00301079105EB4501002F9A
:105DA0000F914FEA85011091CDE9030500F0E081E4
:105DB000791EC9B24FF4FF7202FA01F10D91C94385
:105DC0000C9169000A9100F01C0148424FF0000A52
:105DD000BE460B9009950FE00F980AF1010A0130B9
:105DE0000F900A98AA4500F101000A90099800F165
:105DF0000100099000F0CE8206980AEB00014AB239
:105E0000002AE9D403985FFA81FC042806D2002115
:105E10000798002840F0F680DEE700BF05990324CC
:105E2000CDF820A008E000BF0B98043420440328DC
:105E30001098014400F0DE80119800EBC40AAAF12A
:105E40001802D5B23F2D30D808984FEAD50B0A5C1E
:105E500040F28430C2F2000002FA07F300EBCB17E5
:105E6000129E83EA080317F80C001E43304003EA31
:105E700009031843372D07F80C00774615D80E9BF9
:105E80000BF10100DA4040F28433C2F2000303EB6D
:105E9000C0100D9D82EA080210F80C3015432B400B
:105EA0000C9D2A401A4300F80C20AAF11000C2B23F
:105EB0003F2A30D8099840F2843511F800B0D30851
:105EC000C2F200050BFA07F005EBC316129D80EA3B
:105ED000080016F80C7005433D4000EA09007746BB
:105EE0002843372A06F80C0015D8581C0E9A40F2A1
:105EF0008433C2F200032BFA02F203EBC0100D9DB3
:105F000082EA080210F80C3015432B400C9D2A4001
:105F10001A4300F80C20AAF10800C2B23F2A30D878
:105F20000A9840F2843511F800B0D308C2F2000597
:105F30000BFA07F005EBC316129D80EA080016F86D
:105F40000C7005433D4000EA090077462843372A94
:105F500006F80C0015D8581C0E9A40F28433C2F291
:105F600000032BFA02F203EBC0100D9D82EA080237
:105F700010F80C3015432B400C9D2A401A4300F8B2
:105F80000C205FFA8AF23F2A3FF64EAF0F9840F29C
:105F9000843511F800A0D308C2F200050AFA07F010
:105FA00005EBC316129D80EA080016F80C70054335
:105FB0003D4000EA090077462843372A06F80C00DE
:105FC0003FF632AF581C0E9A40F28433C2F20003FF
:105FD0002AFA02F203EBC0100D9D82EA080210F8C3
:105FE0000C3015432B400C9D2A401A4300F80C201E
:105FF0001AE700BF049DDDF820A0E11E07980028E5
:106000003FF4EAAE119800EBC100C4B23F2C31D886
:1060100001FB05A0059A40F28435125CE308C2F248
:10602000000502FA07F005EBC315129F80EA08008D
:1060300015F80C6007433E4000EA0900304305F8BC
:106040000C00049D7746372C14D8581C0E9B0D9CD1
:10605000DA4040F28433C2F2000303EBC01082EA5C
:10606000080210F80C30144323400C9C22401A43C1
:1060700000F80C20079801283FF4AEAE11984A1C96
:1060800000EBC200C4B23F2C31D802FB05A0059A38
:1060900040F28435125CE308C2F2000502FA07F010
:1060A00005EBC315129F80EA080015F80C60074342
:1060B0003E4000EA0900304305F80C00049D774695
:1060C000372C14D8581C0E9B0D9CDA4040F28433B8
:1060D000C2F2000303EBC01082EA080210F80C3091
:1060E000144323400C9C22401A4300F80C200798CC
:1060F00002283FF471AE11988A1C00EBC200C1B2B5
:106100003F293FF669AE02FB05A0059A40F28434B0
:10611000125CCB08C2F2000402FA07F004EBC314CD
:10612000129E80EA080014F80C500643354000EA3D
:1061300009002843049D372904F80C003FF64CAEB3
:106140000E99581C22FA01F140F28432C2F2000288
:1061500002EBC0100D9B81EA080110F80C200B43E4
:106160001A400C9B1940114300F80C1034E600BF94
:1061700069000E9100F01C01C1F1000E4FF0000A01
:10618000AB460DE00F980AF1010A01300F900E980E
:10619000AA4500F101000BF1010B0E9000F0FA800E
:1061A00006980AEB00014AB2002AEBD40398CAB25F
:1061B000042805D200210798002840F08980E1E7F3
:1061C000059B032107E000BF04310EEB010003280B
:1061D0001098034476D0119800EBC105A5F118047E
:1061E000E6B23F2E0ED9A5F11004E0B23F2824D923
:1061F000A5F10804E0B23F2838D9E8B23F28E3D837
:106200004BE000BF40F2843013F80A6004F0F80459
:10621000C2F2000000EB0414129F86EA0806A05C9C
:1062200046EA070C00EA0C0006EA09063043A054CF
:10623000A5F11004E0B23F28DAD840F2843713F811
:106240000B0004F0F806C2F2000707EB0616129FD7
:1062500080EA0800B45C0743274000EA090038439D
:10626000B054A5F10804E0B23F28C6D80E9840F219
:106270008436185C04F0F807C2F2000606EB071734
:10628000129C80EA0800BE5C0443264000EA090034
:106290003043B854E8B23F2896D80F9840F284367D
:1062A000185C05F0F807C2F2000606EB0717129D0E
:1062B00080EA0800BE5C05432E4000EA0900304336
:1062C000B85481E7049D0339079800283FF45AAF7A
:1062D000119800EBC103D8B23F2815D801FB05A0E7
:1062E000059F03F0F803385C40F28437C2F20007E0
:1062F00007EB0313129E80EA08009F5C06433740B9
:1063000000EA090038439854079801283FF43AAF4F
:1063100011984D1C00EBC503D8B23F2816D804983D
:10632000059F05FB00A003F0F803385C40F28437BA
:10633000C2F2000707EB0313129E80EA08009F5C7D
:106340000643374000EA0900384398540798049DF3
:1063500002283FF417AF11988B1C00EBC301C8B2A1
:106360003F283FF60FAF03FB05A0059B01F0F801A6
:10637000185C40F28433C2F2000303EB0111129F58
:1063800080EA08008B5C07433B4000EA09001843A1
:106390008854F7E6DDF808B0DDF81890019ADDE9D9
:1063A0001C0ABBF1000F1BD0D5B1119900F0F80009
:1063B00001440598CEB212FB05046D424FF0FF3048
:1063C000471C2044427807EB0900C0B231465B46C7
:1063D000CDF800A0FFF72AFCE81901303846EFD1CC
:1063E00013B0BDE8F08F00002DE9F04F81B040F20E
:1063F0008678C2F200084020454640F2847740F695
:10640000A40605F8010BC2F20007B020C2F2000694
:1064100078704FF0FF34304678213A4602230094DA
:10642000FBF7DEFB4FF0000A304678213A460223A4
:1064300087F801A00094FBF7D3FB4FF0100B304618
:1064400078213A46022387F801B00094FBF7C8FB95
:1064500040F28439C2F20009284649468022FAF700
:1064600025F930467821424681230094FBF7B8FB9A
:10647000B1207870304678213A4602230094FBF729
:10648000AFFB304678213A46022387F801A00094FA
:10649000FBF7A6FB304678213A46022387F801B085
:1064A0000094FBF79DFB09F1800128468022FAF752
:1064B000FDF830467821424681230094FBF790FB9B
:1064C000B2207870304678213A4602230094FBF7D8
:1064D00087FB304678213A46022387F801A00094D2
:1064E000FBF77EFB304678213A46022387F801B05D
:1064F0000094FBF775FB09F5807128468022FAF7B6
:10650000D5F830467821424681230094FBF768FB9A
:10651000B3207870304678213A4602230094FBF786
:106520005FFB304678213A46022387F801A00094A9
:10653000FBF756FB304678213A46022387F801B034
:106540000094FBF74DFB09F5C07128468022FAF74D
:10655000ADF830467821424681230094FBF740FB9A
:10656000B4207870304678213A4602230094FBF735
:1065700037FB304678213A46022387F801A0009481
:10658000FBF72EFB304678213A46022387F801B00C
:106590000094FBF725FB09F5007128468022FAF7E5
:1065A00085F830467821424681230094FBF718FB9A
:1065B000B5207870304678213A4602230094FBF7E4
:1065C0000FFB304678213A46022387F801A0009459
:1065D000FBF706FB304678213A46022387F801B0E4
:1065E0000094FBF7FDFA09F5207128468022FAF79E
:1065F0005DF830467821424681230094FBF7F0FA9B
:10660000B6207870304678213A4602230094FBF792
:10661000E7FA304678213A46022387F801A0009431
:10662000FBF7DEFA304678213A46022387F801B0BC
:106630000094FBF7D5FA09F5407128468022FAF755
:1066400035F830467821424681230094FBF7C8FA9A
:10665000B7207870304678213A4602230094FBF741
:10666000BFFA304678213A46022387F801A0009409
:10667000FBF7B6FA304678213A46022387F801B094
:106680000094FBF7ADFA09F5607128468022FAF70D
:106690000DF830467821424681230094FBF7A0FA9A
:1066A00001B0BDE8F08F000040F64010C2F20000DB
:1066B000FCF700B97047000080B5002000F036F804
:1066C0000020BDE88040FAF7CDBB000080B5012076
:1066D00000F02CF80120BDE88040FAF7C3BB0000B1
:1066E00080B5032000F022F80320BDE88040FAF7CF
:1066F000B9BB000080B5022000F018F80220BDE808
:106700008040FAF7AFBB00007047000040F26C31E8
:10671000C2F20001487001F041BF000040F26C314C
:10672000C2F20001087001F071BF000040F20001E8
:10673000C2F200010870704740F20001C2F200018D
:106740000228487088BF7047B0B5C00001210024FE
:1067500021FA00F24FF48031C4F2020421FA00F56C
:1067600020464FF40071FBF773F804F58060EAB23D
:106770004FF48061BDE8B040FBF76AB840F2000119
:1067800020EAE070C2F20001632828BF632088601D
:1067900040F67C61C2F2000109684000486270471F
:1067A000FBF7B0BF70B592B0002443F64000CDE9CE
:1067B0000A44CDE908440594CDE90344CDE90144F8
:1067C0000094C4F202000168022541F0805101608A
:1067D00000680F2600F080500090009847F20000FB
:1067E0000094C4F20000016841F440410160006877
:1067F00000F4404000900098012006904FF4803053
:1068000007904FF480000D9090200F90042010907E
:106810000520119006A80C950E96FDF793F818B177
:1068200072B600BFFEE700BF4FF48050CDE904040C
:1068300001A80121CDE901650394FCF76DFF18B1B2
:1068400072B600BFFEE700BF12B070BD4EF68850B2
:10685000CEF20000016841F4700101607047000051
:106860002DE9F04F85B040F26C38C2F2000898F87C
:106870000200012806D198F80800FAF763FB00200F
:1068800088F8020040F2004BC4F2020BABF58064C2
:1068900020464FF4007101224FF400794FF0010AB5
:1068A000FAF7D6FF58464FF4806100220027FAF726
:1068B000CFFF20464FF480610022FAF7C9FF01F0B4
:1068C0000FFF3220FAF7CCFEFEF774FCFDF7C2FA98
:1068D00043F630000097C4F2020001686E4641F0B2
:1068E000020101600068314600F00200009000984B
:1068F0004FF40410CDE9010A5846CDE90377CDF8ED
:106900000090FAF7CFFE02204FF488150290584607
:106910003146CDF800A00195FAF7C4FE47F2000019
:10692000C4F200000168002241F004010160172058
:106930000021FBF779FF1720FBF764FF06200021F9
:106940000022FBF771FF0620FBF75CFF012001210D
:10695000FCF7DEFD1720FBF73FFF0620FBF73CFFAF
:1069600043F61440C4F20100C0F80090C0F800A043
:10697000FFF718FFFDF7BEF958463146CDE90095FF
:106980000297FAF78FFE58463146CDE900A50297E7
:10699000FAF788FE6420FAF763FE40F20005C2F2BF
:1069A00000056878022811D8C0004FF480312AFA17
:1069B00000F221FA00F620464FF40071FAF748FF82
:1069C000F2B258464FF48061FAF742FFFFF750F8F1
:1069D000FFF70AFDFEF718FC4FF4FA70FAF740FED5
:1069E00020464FF480610122FAF732FFC820FAF7FF
:1069F00037FE01F08BFEA86801F0E0FCFAF72EFFED
:106A0000C8F80C0005B0BDE8F08F0000B0B540F24A
:106A1000FF7E0568C4F2000E40F2000C7045C4F21F
:106A2000010C1DDD40F60003C4F20003984220D0A3
:106A300060451ED040F60043C4F20003984218D0CF
:106A40004FF6FF73C4F2000398421DDC704527DC4B
:106A5000B0F1804F3CD040F20043C4F2000335E077
:106A6000B0F1804F05D040F20043C4F200039842D9
:106A7000E6D14B6825F0700243EA02054FF6FF733A
:106A8000C4F200039842E1DD44F2FF33C4F2010393
:106A9000984211DC60451BD044F2000314E000BFB3
:106AA00040F60003C4F20003984211D040F60043C0
:106AB000C4F200030AE000BF44F60003C4F201037D
:106AC000984205D044F20043C4F20103984204D135
:106AD000CB6825F4407243EA02050A688C684B696A
:106AE0006045C462826202D10969CCF83010026844
:106AF00025F0800142F00402194302600122426144
:106B00000160B0BD10B504460068D4E902C2236933
:106B1000016921F4405111430161626943EA0C01AA
:106B2000E3691143C268194349F20C639A43114364
:106B3000C1604169A26921F4407141F200431143EF
:106B400040F48062C4F201039A42416102D1FCF731
:106B5000AFFE01E0FCF798FEE16963681922B1F528
:106B6000004FA0FB020123D15A00DB0FF9F7BEFB57
:106B700048F21F51C5F2EB11A0FB01235A094FF651
:106B80009C73C0F6FF7303F1805302FB03003223B2
:106B900003EBC000A0FB01014FF4F87000EA1110F4
:106BA00000EB0210C1F3421108442168886010BD57
:106BB0009A009B0FF9F79AFB48F21F51C5F2EB11AF
:106BC000A0FB01235A094FF69C73C0F6FF7302FB2A
:106BD0000300322303EB0010A0FB0101F02000EAC8
:106BE000511000EB0210C1F3431108442168886082
:106BF00010BD00000146D0F8000940F2FF7290433A
:106C0000C1F80009D1F8040840F480720020C1F8EE
:106C10000428704782B002F47F42B2F5807F40F0D2
:106C20009980826B4FF6BF7322F480328263C26810
:106C3000CFF6BD731A40C260029BC268DBB222F479
:106C40004012012BC26003D1C26842F48012C260BC
:106C500000220092009A01320092009AB2F1706F05
:106C600000F2F0800269002A21D4009A01320092D9
:106C7000009AB2F1706F00F2E5800269002A16D422
:106C8000009A01320092009AB2F1706F00F2DA803D
:106C90000269002A0BD4009A01320092009AB2F1E4
:106CA000706F00F2CF800269B2F1FF3FD2DC0A229E
:106CB0000092009AAAB100BF009A013A0092009A8D
:106CC0007AB1009A013A0092009A52B1009A013AC0
:106CD0000092009A2AB1009A013A0092009A002A82
:106CE000EAD1026942F001020261009A0132009287
:106CF000009AB2F1706F00F2A5800269D20720D02D
:106D0000009A01320092009AB2F1706F00F29A80FC
:106D10000269D20715D0009A01320092009AB2F1AE
:106D2000706F00F28F800269D2070AD0009A013298
:106D30000092009AB2F1706F00F284800269D2076B
:106D4000D3D14FF0000C01F47F01B1F5803F40F04A
:106D500099808FE0C26842F04002C2600022019236
:106D6000019A01320192019AB2F1706F72D80269F0
:106D7000002A1ED4019A01320192019AB2F1706F79
:106D800068D80269002A14D4019A01320192019A4A
:106D9000B2F1706F5ED80269002A0AD4019A0132FA
:106DA0000192019AB2F1706F54D80269B2F1FF3FBB
:106DB000D6DC0A220192019AAAB100BF019A013AD7
:106DC0000192019A7AB1019A013A0192019A52B163
:106DD000019A013A0192019A2AB1019A013A01926B
:106DE000019A002AEAD1026942F001020261019A85
:106DF00001320192019AB2F1706F2BD80269D20769
:106E00001DD0019A01320192019AB2F1706F21D81E
:106E10000269D20713D0019A01320192019AB2F1AC
:106E2000706F17D80269D20709D0019A0132019216
:106E3000019AB2F1706F0DD80269D207D7D14FF025
:106E4000000C09E04FF0030C01F47F01B1F5803F25
:106E500018D10FE04FF0030C826B13F47F4F14BF77
:106E600022F4803242F48032826301F47F01B1F572
:106E7000803F07D1816841F006018160816841F05F
:106E800020018160604602B0704700000146D0F8E2
:106E9000000E20F00300C1F8000ED1F8040840F005
:106EA00002020020C1F80428704700002DE9F04FCD
:106EB00085B0C3F3074990468A460022B9F1000F16
:106EC000C0F80421C0F80821C0F80C21C0F8102136
:106ED000C0F81421C0F81821C0F81C21C0F82021E6
:106EE000C0F82421C0F82821C0F82C21C0F8302196
:106EF000C0F83421C0F83821C0F83C2108D0826B9A
:106F000022F400128263826B42F4002211E000BF7F
:106F1000D0F8042842F00202C0F80428826B42F440
:106F200000128263826B22F400228263826B22F45D
:106F3000802208F47F4382630022B3F5807FC0F88B
:106F4000002E07D1D0F80038B2EB1A6F08D1C0F884
:106F5000003809E0D0F8002842F0030202E000BF48
:106F600043F00102C0F8002800220392039A013284
:106F70000392039AB2F1706F52D80269002A1ED4AC
:106F8000039A01320392039AB2F1706F48D80269F2
:106F9000002A14D4039A01320392039AB2F1706F5B
:106FA0003ED80269002A0AD4039A01320392039A56
:106FB000B2F1706F34D80269B2F1FF3FD6DC002223
:106FC00003924FF484620261039A01320392039A9E
:106FD000B2F1706F24D8026992061DD5039A01326E
:106FE0000392039AB2F1706F1AD80269920613D510
:106FF000039A01320392039AB2F1706F10D80269BA
:10700000920609D5039A01320392039AB2F1706F86
:1070100006D802699206D7D44FF0000E02E000BFF6
:107020004FF0010E00220492049A01320492049A55
:10703000B2F1706F4ED80269002A1ED4049A013250
:107040000492049AB2F1706F44D80269002A14D4F1
:10705000049A01320492049AB2F1706F3AD802692C
:10706000002A0AD4049A01320492049AB2F1706F91
:1070700030D80269B2F1FF3FD6DC00220492102220
:107080000261049A01320492049AB2F1706F21D81D
:107090000269D20620D5049A01320492049AB2F110
:1070A000706F17D80269D20616D5049A013204927D
:1070B000049AB2F1706F0DD80269D2060CD5049A09
:1070C00001320492049AB2F1706F03D80269D206B9
:1070D000D7D401E04FF0010E5FFA8AF44FF0000BB5
:1070E000002CC0F810B8C0F814B8C0F81CB800F0F4
:1070F000FF80D0F800294FF0006303EA12124FF628
:107100007F31651EC0F80029C0F810B9C0F8081911
:107110007AD0A21ECDF808A0032A05F0030A05D2F2
:107120000122BAF1000F42D168E000BFCDE900981A
:1071300025F0030700F5186600234FF0904C4FF63A
:107140007F324FF0000800BF56F8609C08F1040839
:107150000CEAE97146F8601C46F8503C46F8582C99
:1071600056F8401C47450CEAE17146F8401C46F8C9
:10717000303C46F8382C56F8201C0CEAE17146F8F1
:10718000201C46F8103C46F8182C31680CEAE171D6
:1071900031603361B26006F18006D5D108F1010299
:1071A000DDE900984FF67F31BAF1000F26D000F5E7
:1071B00010675601BB594FF0904C0CEAE37307EB94
:1071C0004212BB5100264FF67F37BAF1010F16610C
:1071D000976013D0136ABAF1020F0CEAE3731362DB
:1071E000166397620AD0136C4FF0904707EAE37377
:1071F0001364002313654FF67F339364DDF808A012
:10720000002C4FF0006373D0D0F8002B002D03EA60
:107210001212C0F8002B4FF00002C0F8102BC0F87B
:10722000081B65D0A21E032A05F0030C04D201221C
:10723000BCF1000F37D15BE025F0030500F538669F
:1072400000234FF090474FF67F32002456F8601C21
:10725000043407EAE17146F8601C46F8503C46F8F1
:10726000582C56F8401CA54207EAE17146F8401C2C
:1072700046F8303C46F8382C56F8201C07EAE171F5
:1072800046F8201C46F8103C46F8182C316807EAEE
:10729000E17131603361B26006F18006D6D1621CC3
:1072A000BCF1000F24D000F5306154010D594FF0AE
:1072B000904303EAE57501EB42120D5100254FF6AC
:1072C0007F34BCF1010F1561946011D0116ABCF1DB
:1072D000020F03EAE17111621563946208D0116C28
:1072E00003EAE1711164002111654FF67F31916469
:1072F000D0F810181AF47F0F21F48071C0F810181C
:107300006FF08041C0F818B0416103D1816941F04C
:1073100010018161816943F60002C8F23C02114309
:1073200018F47F0F816103D0816941F00801816108
:10733000B9F1010F05D1816941F0804141F00401AB
:107340008161704605B0BDE8F08F0000014680689D
:1073500020F0010200208A6070470000D0F840C091
:1073600043F20B03C4F654739C4503D3D0F8003B9F
:10737000002B1ED40023C0F8103BD0F8103B01298D
:1073800043F40023C0F8103BD0F8103B43F018033F
:10739000C0F8103BD0F8103B43F0C043C0F8103B9E
:1073A00007D1C0F8142BD0F8001B41F08021C0F8A1
:1073B000001B00207047000081B0002200924A7834
:1073C0000978012A4FEA41113AD100F5106250586C
:1073D000B0F1FF3F3ADC885842F2107340F0006091
:1073E0008850885840F080408850009801300090C4
:1073F0000098984264D85058B0F1FF3F26DC0098BE
:1074000001300090009898425AD85058B0F1FF3F90
:107410001CDC0098013000900098984250D85058D9
:10742000B0F1FF3F12DC00980130009000989842C4
:1074300046D85058B0F1FF3F4FF00000D5DD3CE09A
:1074400000F530625058B0F1FF3F03DD002001B07D
:10745000704700BF885842F2107340F000608850B7
:10746000885840F080408850009801300090009883
:10747000984225D85058B0F1FF3FE7DC0098013022
:107480000090009898421BD85058B0F1FF3FDDDCC7
:107490000098013000900098984211D85058B0F1EF
:1074A000FF3FD3DC0098013000900098984207D845
:1074B000505800284FF00000D6D401B0704700BFEC
:1074C000012001B07047000081B000220092009AB4
:1074D00001320092009AB2F1706F51D80269002A0D
:1074E0001ED4009A01320092009AB2F1706F47D810
:1074F0000269002A14D4009A01320092009AB2F173
:10750000706F3DD80269002A0AD4009A01320092B5
:10751000009AB2F1706F33D80269B2F1FF3FD6DC46
:10752000890100222031009201610099013100910E
:107530000099B1F1706F23D8016989061DD50099B2
:10754000013100910099B1F1706F19D80169890674
:1075500013D50099013100910099B1F1706F0FD8E6
:107560000169890609D50099013100910099B1F1AD
:10757000706F05D801698906D7D4002001B0704723
:10758000032001B070470000D0F8080800F00601A1
:1075900080074FF0020058BF0F20002908BF08469F
:1075A00070470000406900F001007047D0F81818DB
:1075B000D0F81C08084080B270470000D0F81818B6
:1075C000D0F81C080840000C70470000D0F810C824
:1075D000D0F8343801F00F0223FA02F2D20100EBA6
:1075E0004110D2B2D0F8080942EA0C0108407047B5
:1075F00000EB4111D1F8081BD0F81408084070477F
:10760000416980690840704710B5930802F0030E85
:107610002CD05A1E032A03F0030C0FD323F00303CC
:107620004FF480528458043B0C6084584C6084585A
:107630008C608458CC6001F11001F3D1BCF1000FD3
:1076400014D04FF4805284580B46BCF1010F43F81C
:10765000044B05D11946BEF1000F0AD11EE000BF50
:107660008258BCF1020F4A601AD10831BEF1000FF6
:1076700014D04FF4805280580A46BEF1010F02F830
:10768000010B04BF104610BD020ABEF1020F4A7082
:1076900004BF881C10BD000C88700331084610BD63
:1076A0004FF4805282588A600C31BEF1000FE0D155
:1076B000F4E70000B0B50446C068002920F0C040DF
:1076C000E06000F09980012940F0B080E0680A2570
:1076D00040F00050E0600A20F9F7C2FF54F8140FA0
:1076E000C00740F09C800A20F9F7BAFF2068C00765
:1076F00040F09E800A20F9F7B3FF2068C00740F0F1
:10770000A5800A20F9F7ACFF2068C00740F0AC80E4
:107710000A20F9F7A5FF2068C00740F0B3800A20CF
:10772000F9F79EFF2068C00740F0BA800A20F9F7F9
:1077300097FF2068C00740F0C1800A20F9F790FF4A
:107740002068C00740F0C8800A20F9F789FF206848
:10775000C00740F0CF800A20F9F782FF2068C007F9
:1077600040F0D6800A20F9F77BFF2068C00740F080
:10777000DD800A20F9F774FF2068C00740F0E4803C
:107780000A20F9F76DFF2068C00740F0EB800A205F
:10779000F9F766FF2068C00740F0F2800A20F9F789
:1077A0005FFF2068C00740F0F9800A20F9F758FF12
:1077B0002068C00740F000810A20F9F751FF2068D7
:1077C000C00740F007810A20F9F74AFF2068C00788
:1077D00040F00E810A20F9F743FF2068C00740F00F
:1077E00016810A20F9F73CFF2068C825A5F1C800DA
:1077F000B0FA80F04009B0BDE0680A2540F0804052
:10780000E0600A20F9F72CFF54F8140FC00706D0E7
:107810000A20F9F725FF2068C00711D11425A5F12A
:10782000C800B0FA80F04009B0BD00BF0120B0BD73
:107830001425A5F1C800B0FA80F04009B0BD00BF22
:107840000A20F9F70DFF2068C00707D11E25A5F112
:10785000C800B0FA80F04009B0BD00BF0A20F9F7B7
:10786000FFFE2068C00707D12825A5F1C800B0FA9F
:1078700080F04009B0BD00BF0A20F9F7F1FE206892
:10788000C00707D13225A5F1C800B0FA80F0400941
:10789000B0BD00BF0A20F9F7E3FE2068C00707D19A
:1078A0003C25A5F1C800B0FA80F04009B0BD00BF8A
:1078B0000A20F9F7D5FE2068C00707D14625A5F1B3
:1078C000C800B0FA80F04009B0BD00BF0A20F9F747
:1078D000C7FE2068C00707D15025A5F1C800B0FA3F
:1078E00080F04009B0BD00BF0A20F9F7B9FE20685A
:1078F000C00707D15A25A5F1C800B0FA80F04009A9
:10790000B0BD00BF0A20F9F7ABFE2068C00707D161
:107910006425A5F1C800B0FA80F04009B0BD00BFF1
:107920000A20F9F79DFE2068C00707D16E25A5F152
:10793000C800B0FA80F04009B0BD00BF0A20F9F7D6
:107940008FFE2068C00707D17825A5F1C800B0FADE
:1079500080F04009B0BD00BF0A20F9F781FE206821
:10796000C00707D18225A5F1C800B0FA80F0400910
:10797000B0BD00BF0A20F9F773FE2068C00707D129
:107980008C25A5F1C800B0FA80F04009B0BD00BF59
:107990000A20F9F765FE2068C00707D19625A5F1F2
:1079A000C800B0FA80F04009B0BD00BF0A20F9F766
:1079B00057FE2068C00707D1A025A5F1C800B0FA7E
:1079C00080F04009B0BD00BF0A20F9F749FE2068E9
:1079D000C00707D1AA25A5F1C800B0FA80F0400978
:1079E000B0BD00BF0A20F9F73BFE2068C00707D1F1
:1079F000B425A5F1C800B0FA80F04009B0BD00BFC1
:107A00000A20F9F72DFE2068C0077FF4EAAEBE25F4
:107A1000A5F1C800B0FA80F04009B0BD022A0246C4
:107A20005FD145F24030CFF6277043F2005308444F
:107A3000C0F20C03984203D24FF4705053E000BFE1
:107A400041F64060CFF61B7044F240230844C0F278
:107A50000F03984202D24FF4605044E0A1F5740045
:107A600044F68073A0F51050C0F21203984203D27E
:107A70004FF4505037E000BFA1F183704DF2206306
:107A8000A0F5E740C0F21303984203D24FF44050F0
:107A900029E000BF4BF26060CFF6E5604EF2603344
:107AA0000844C0F21603984202D24FF430501AE054
:107AB0004DF20030CFF6CE6047F240730844C0F27A
:107AC0001B03984202D24FF420500CE045F6C03020
:107AD000CFF6B36049F2C0130844C0F221039842C4
:107AE0000AD24FF41050D16821F47051D160D1689E
:107AF00001430020D1607047A1F1B77047F22053D5
:107B0000A0F55850C0F23803984203D24FF4005009
:107B1000E9E700BF45F2E040CFF6596049F6E0439F
:107B20000144C0F241034FF4C050994238BF4FF4B2
:107B3000E050D8E710B5DDF808C0BCF1000F2CD13B
:107B40005BB303F1030E4FF0FF3303EB9E0300F52D
:107B500080541203032BCEF3810C0FD34FEA9E0304
:107B600023F003030868043B1051486810518868EB
:107B70001051C86801F110011051F3D1BCF1000F90
:107B80000BD00868BCF1010FA05006D04868BCF1CA
:107B9000020FA0501CBF8868A050002010BD00003C
:107BA000FEE7000080B50120FEF7C6FD0120BDE81C
:107BB0008040F9F78FB9000080B50220FEF7BCFDC8
:107BC0000220BDE88040F9F785B9000080B50020AB
:107BD000FEF7B2FD0020BDE88040F9F77BB9000058
:107BE00088B043F6700540F20044C4F20205C4F2C6
:107BF0000204FAF795FDFEF7D5FDFCF7CDFEFCF784
:107C000095FEFCF745FFFCF765FFFCF785FFFCF7E9
:107C1000A3FFFCF7C5FFFCF7F5FFFDF711F84FF4E4
:107C2000FA70F9F71DFDA4F5806420464FF48061D9
:107C30000122F9F70DFE0026049655F8300C40F0AD
:107C4000805045F8300C55F8300C00F0805004900E
:107C50000498FBF74DFC286840F0010028604CF2C6
:107C60004F30296889070CD486420AD829688907C9
:107C70005CBF29685FEA817103D4296804368907EB
:107C8000EFD5C820F9F7ECFCFDF7D8FDFDF7F0FEC5
:107C900049F22005C0F6000500260FF2B462042068
:107CA00002212B460096FDF719FF0FF2B462042063
:107CB00022212B460096FDF711FFFEF795FBFCF7FE
:107CC0002BFFFCF749FFFCF76BFFFCF79BFFFCF772
:107CD000B7FF40F67C6BC2F2000B58463C21FCF724
:107CE00099F9F8F7C5FE40F20007C2F2000760BB41
:107CF0001E208DF8100004A8F8F7D6FF10B99DF8E3
:107D00001000B86001208DF80F000DF10F00F8F79A
:107D100095FFD0B99DF80F000228787015D8C000E3
:107D2000012121FA00F24FF4803121FA00F52046BA
:107D30004FF40071F9F78CFD40F20040EAB2C4F252
:107D400002004FF48061F9F783FD4FF4FA70F9F700
:107D500087FCB868DBF80010400048620220F9F7A1
:107D60007FFC00F05BFB0DF10F008DF80F60F8F762
:107D7000F9FE40F26C35C2F2000520B99DF80F0003
:107D8000287000F043FC00208DF80E000DF10E006D
:107D9000F8F7B2FE20B99DF80E00687000F0FEFB07
:107DA00001208DF80D000DF10D00F8F711FF10B94D
:107DB0009DF80D00387005208DF80C0003A8F8F729
:107DC00065FE18B99DF80C0000F0C8FB40F20040B9
:107DD000C4F2020001210124F9F734FDE870FDF737
:107DE000AFF8F9F73BFDE8604FF0FF3040F6080AC6
:107DF0009FED588A9FED589A9FED58AA02904FF038
:107E00000008B81CC2F2000A0DF11009B6EE00BA63
:107E1000019072E02879002800F07A8285F803B09A
:107E2000CB46B14601240920CDE904045046494619
:107E30002E46CDF81C800694F9F73EF95046F9F726
:107E40006DFB50460A21F9F7E9FA5046F9F7ECF9CB
:107E500005465046F9F7EAFB00EE105AB8EE400A24
:107E600020EE080A20EE090A80EE0A0A48460FF2C0
:107E7000205130EE0B0ABDEEC00A10EE102AF8F7C2
:107E8000ADFA48F6F073042010214A46C0F600030C
:107E9000CDF80080FDF722FE307849F27762C0F617
:107EA000000203289CBF0FF2EC4151F8202048F655
:107EB000F07304201C21C0F600033546CDF8008085
:107EC000FDF70CFE687849F27762C0F600020528DB
:107ED0009CBF0FF2D04151F8202048F6F0730420E7
:107EE0002821C0F60003CDF80080FDF7F7FDFEF76E
:107EF0007BFA00BF0320F9F7B3FBFDF73DF8FDF770
:107F000035F818B1FCF710FFFEF7AAFCFDF712F8E0
:107F10000028EFD1FDF724F80028EBD1FDF7A8FDEC
:107F2000DBF80010486AB0F1FF3F09DDC82817D31D
:107F30006320C622B8604A620299884206D014E0E3
:107F40000020B8604862029988420ED1A8780128C2
:107F500015D020E0333353403333C34000F07F4526
:107F60004010B86002998842F0D000F027FAF9F783
:107F700075FCB968286108460291A960AC70F9F7F0
:107F80006DFC2969401AB0F5FA6F04D3287AF8F726
:107F9000D9FF85F80280019DBA682846F4A1F8F758
:107FA0001DFA48F2C87344200521F3A2C0F600036D
:107FB000CDF80080FDF766FD49F230033C20142126
:107FC0002A46C0F60003CDF80080FDF787FDB868AB
:107FD0003721C501002080220A23CDF80080FDF75B
:107FE000FFFB75B14BF20350CAF27E50A5FB0001B6
:107FF000C1F38712012038210823CDF80080FDF756
:1080000053FA0620CDE9040450464946CDF81C80B9
:108010000694F9F751F85046F9F780FA50460A21CC
:10802000F9F7FCF95046F9F7FFF805465046F9F71D
:10803000FDFAB5F59B6F40F26C35C2F2000500F217
:108040001B810620CDE9040450464946CDF81C802A
:108050000694F9F731F85046F9F760FA50460A21CC
:10806000F9F7DCF95046F9F7DFF805465046F9F71D
:10807000DDFAB5F59B6F40F26C35C2F2000500F2F7
:10808000FB800620CDE9040450464946CDF81C800B
:108090000694F9F711F85046F9F740FA50460A21CC
:1080A000F9F7BCF95046F9F7BFF805465046F9F71D
:1080B000BDFAB5F59B6F40F26C35C2F2000500F2D7
:1080C000DB800620CDE9040450464946CDF81C80EB
:1080D0000694F8F7F1FF5046F9F720FA50460A21C6
:1080E000F9F79CF95046F9F79FF805465046F9F71D
:1080F0009DFAB5F59B6F40F26C35C2F2000500F2B7
:10810000BB800620CDE9040450464946CDF81C80CA
:108110000694F8F7D1FF5046F9F700FA50460A21C5
:10812000F9F77CF95046F9F77FF805465046F9F71C
:108130007DFAB5F59B6F40F26C35C2F2000500F296
:108140009B800620CDE9040450464946CDF81C80AA
:108150000694F8F7B1FF5046F9F7E0F950460A21C6
:10816000F9F75CF95046F9F75FF805465046F9F71C
:108170005DFAB5F59B6F40F26C35C2F200057BD815
:108180000620CDE9040450464946CDF81C800694EB
:10819000F8F792FF5046F9F7C1F950460A21F9F76E
:1081A0003DF95046F9F740F805465046F9F73EFAD2
:1081B000B5F59B6F40F26C35C2F200055CD8062025
:1081C000CDE9040450464946CDF81C800694F8F7E2
:1081D00073FF5046F9F7A2F950460A21F9F71EF944
:1081E0005046F9F721F805465046F9F71FFAB5F55C
:1081F0009B6F40F26C35C2F200053DD80620CDE9F8
:10820000040450464946CDF81C800694F8F754FF04
:108210005046F9F783F950460A21F9F7FFF850461E
:10822000F9F702F805465046F9F700FAB5F59B6FE5
:1082300040F26C35C2F200051ED80620CDE90404D8
:1082400050464946CDF81C800694F8F735FF504655
:10825000F9F764F950460A21F9F7E0F85046F8F7C3
:10826000E3FF05465046F9F7E1F9B5F59B6F40F29B
:108270006C35C2F2000502D9F9F7F0FA68614E4692
:10828000D946F9F7EBFA69690022401A64284FF0E1
:10829000000138BF012263282A7103D8F9F7DEFAFA
:1082A0002979E86038A236A048F6F073002908BFA3
:1082B000024604200421C0F60003CDF80080FDF73B
:1082C0000DFC40F20040C4F202000121F9F7BAFAB5
:1082D0003978834603293FF4A1AD02297FF49AAD92
:1082E000E878012808BFBBF1000F2BD0287950EAAD
:1082F0000B007FF493ADF9F7B1FAE968401A42F246
:10830000BF71C0F2090188427FF688AD1AE000BF54
:1083100047F24075C0F21B0542F2BF700029C0F25F
:10832000090008BF451CF9F799FA40F26C31C2F216
:108330000001C968401AA84240F26C35C2F200053B
:10834000FFF46CAD85F803B0FEF78AFA68E500BF6C
:10835000E6989FE781ABE8AEA1E5889200000000B7
:10836000E9B8A2E69EADE587BAE59381000000007A
:108370002530326C64000000564F4C554D450000CE
:1083800053544F50200000005354415254000000F9
:1083900025645600799600088F96000877960008A5
:1083A0008C96000887960008829600087796000849
:1083B00077960008779600087C96000820B163281D
:1083C00004D9002012E000BFFF200FE0C0F16400DC
:1083D0006421484380B24AF27F5148436FF0010163
:1083E00001EB9051C8B2FF3818BF084680B582B083
:1083F0004C218DF8070040F650008DF806104FF024
:10840000640CC2F200000DF10602A8210223CDF88F
:1084100000C0F9F7E5FB02B080BD0000B0B586B042
:108420000520F9F71DF941F20300ADF80A0040F606
:1084300050006424C2F200000DF10A02A8210223B8
:108440000094F9F7CDFB002818BFF8F717FE0220BB
:108450000225F9F705F940F23320ADF80C0040F69B
:108460005000C2F2000003AAA82102230094F9F7E9
:10847000B7FB002818BFF8F701FE0120F9F7F0F864
:1084800040F650006424C2F200000DF10E02A82153
:108490000223ADF80E500094F9F7A2FB002818BF94
:1084A000F8F7ECFD0120F9F7DBF846F25300ADF8E0
:1084B000100040F65000C2F2000004AAA8210223D6
:1084C0000094F9F78DFB002818BFF8F7D7FD0120BD
:1084D000F9F7C6F85420ADF8120040F650006424B5
:1084E000C2F200000DF11202A82102230094F9F754
:1084F00077FB002818BFF8F7C1FD0120F9F7B0F8A5
:1085000043F24C00ADF8140040F65000C2F20000F7
:1085100005AAA82102230094F9F762FB002818BFDE
:10852000F8F7ACFD0120F9F79BF840F20330ADF805
:10853000160040F650006425C2F200000DF116024C
:10854000A82102230095F9F74BFB002818BFF8F784
:1085500095FD0520F9F784F806B0B0BD80B582B06E
:10856000072888BF05200BA1085C54218DF807005F
:1085700040F650008DF806104FF0640CC2F2000077
:108580000DF10602A8210223CDF800C0F9F728FB5F
:1085900002B080BD0004080C1014181CF0B583B0A4
:1085A00040F60705C2F200052E78044660F3061671
:1085B00002208DF8060040F650006427C2F2000049
:1085C0000DF10602A82102238DF807600097F9F744
:1085D00007FB012C08D15320ADF8080040F65000ED
:1085E000C2F2000002AA09E046F25300ADF80A0008
:1085F00040F65000C2F200000DF10A02A821022349
:108600000097F9F7EDFA2E7003B0F0BD2DE9F041B7
:1086100084B040F60708C2F2000898F8001000F095
:10862000030221F00301032801EB020642D140F6C8
:108630005004C2F2000402258DF8071064270DF1E2
:1086400006022046A82102238DF806500097F9F76C
:10865000C7FA41F20320ADF8080002AA2046A8217B
:1086600002230097F9F7BCFA0220F8F7F9FF0DF1A1
:108670000A022046A82102238DF80A508DF80B60CB
:108680000097F9F7ADFA0F20F8F7EAFF40F2033050
:10869000ADF80C0003AA2046A82102230097F9F7A1
:1086A0009FFA0520F8F7DCFF88F8006004B0BDE809
:1086B000F08100BF02208DF80E0040F650006427C4
:1086C000C2F200000DF10E02A82102238DF80F6006
:1086D0000097F9F785FA88F8006004B0BDE8F081EA
:1086E00080B582B00320ADF8060040F650004FF090
:1086F000640CC2F200000DF10602A8210223CDF89D
:1087000000C0F9F76DFA02B080BD0000B0B582B0CC
:1087100040F6500440F20320C2F20004ADF8040019
:10872000642501AA2046A82102230095F9F758FAEA
:108730000520F8F795FF40F20330ADF806000DF183
:1087400006022046A82102230095F9F749FA0520E0
:10875000F8F786FF02B0B0BD30380A2801D20120F8
:10876000704700207047F1EE100A4FF6FF71C0F21B
:10877000C03120EA010040F04070E1EE100A70477D
:1087800004000008000000000000000200010000DA
:1087900010000000B7950008F9950008EC95000856
:1087A0009D950008AA950008909500080696000877
:1087B0000000000000000000010203040607080991
:1087C000000000000102030410080000D887000820
:1087D00008060000C88D000800000000000000002E
:1087E0000000000000000000000000F80000000091
:1087F000000000333000000000100C06100C0600D2
:10880000000000000000000040C07840C078400038
:10881000043F04043F040400007088FC083000009A
:10882000001820FF211E0000F008F000E0180000F2
:1088300000211C031E211E0000F0088870000000AB
:108840001E2123241927211010160E0000000000FD
:108850000000000000000000000000E0180402001A
:10886000000000071820400000020418E00000008B
:108870000040201807000000404080F08040400089
:108880000202010F01020200000000F000000000DF
:108890000101011F010101000000000000000000B3
:1088A00080B0700000000000000000000000000028
:1088B00000010101010101010000000000000000B1
:1088C000003030000000000000000000806018044C
:1088D000006018060100000000E010080810E00029
:1088E000000F102020100F00001010F800000000F2
:1088F0000020203F20200000007008080888700039
:1089000000302824222130000030088888483000B8
:108910000018202020110E000000C02010F80000D8
:1089200000070424243F240000F808888808080071
:108930000019212020110E0000E010888818000086
:10894000000F112020110E0000380808C838080058
:108950000000003F000000000070880808887000D8
:10896000001C222121221C0000E010080810E00059
:108970000000312222110F00000000C0C0000000E2
:108980000000003030000000000000800000000007
:1089900000008060000000000000804020100800FF
:1089A00000010204081020004040404040404000C8
:1089B00004040404040404000008102040800000A3
:1089C0000020100804020100007048080808F000A8
:1089D0000000003036010000C030C828E810E00078
:1089E0000718272423140B000000C038E000000003
:1089F000203C23020227382008F88888887000006D
:108A0000203F202020110E00C03008080808380040
:108A1000071820202010080008F808080810E000B7
:108A2000203F202020100F0008F88888E808100058
:108A3000203F20202320180008F88888E80810002C
:108A4000203F200003000000C03008080838000064
:108A500007182020221E020008F808000008F80865
:108A6000203F210101213F20000808F808080000EC
:108A70000020203F2020000000000808F80808001F
:108A8000C08080807F00000008F888C02818080097
:108A9000203F20012638200008F8080000000000D0
:108AA000203F20202020300008F8F800F8F80800C7
:108AB000203F003F003F200008F830C00008F808C1
:108AC000203F200007183F00E01008080810E000D1
:108AD0000F10202020100F0008F808080808F000E8
:108AE000203F210101010000E01008080810E0000B
:108AF0000F18242438504F0008F8888888887000A0
:108B0000203F2000030C302000708808080838003F
:108B10000038202121221C00180808F80808180035
:108B20000000203F2000000008F808000008F808B6
:108B3000001F202020201F000878880000C8380867
:108B4000000007380E010000F80800F80008F800DF
:108B5000033C0700073C0300081868808068180879
:108B600020302C03032C30200838C800C8380800F7
:108B70000000203F2000000010080808C838080046
:108B80002038262120201800000000FE02020200EA
:108B90000000007F40404000000C30C0000000009A
:108BA000000000010638C00000020202FE000000C2
:108BB000004040407F000000000004020202040068
:108BC00000000000000000000000000000000000A5
:108BD000808080808080808000020204000000008D
:108BE0000000000000000000000080808080000085
:108BF0000019242222223F2008F800808000000073
:108C0000003F112020110E00000000808080000035
:108C1000000E112020201100000000808088F80044
:108C2000000E112020103F20000080808080000076
:108C3000001F222222221300008080F088888818DA
:108C40000020203F202000000000808080808000E5
:108C5000006B94949493600008F80080808000007A
:108C6000203F210000203F20008098980000000055
:108C70000020203F20200000000000809898000085
:108C800000C08080807F000008F8000080808000A5
:108C9000203F24022D302000000808F800000000CA
:108CA0000020203F20200000808080808080800085
:108CB000203F20003F20003F808000808080000017
:108CC000203F210000203F200000808080800000A5
:108CD000001F202020201F008080008080000000D6
:108CE00080FFA12020110E00000000808080800005
:108CF000000E112020A0FF808080800080808000F6
:108D000020203F2120000100000080808080800022
:108D10000033242424241900008080E08080000097
:108D20000000001F202000008080000000808000E4
:108D3000001F202020103F20808080000080808045
:108D400000010E30080601008080008000808080D5
:108D50000F300C030C300F000080800080808000FA
:108D60000020312E0E312000808080000080808025
:108D700080818E70180601000080808080808000D5
:108D80000021302C2221300000000000807C0202F3
:108D900000000000003F404000000000FF00000015
:108DA00000000000FF0000000002027C80000000C4
:108DB0000040403F000000000006010102020404E0
:108DC00000000000000000000000000000000000A3
:108DD000002F000000000700070000147F147F141C
:108DE00000242A7F2A1200626408132300364955A2
:108DF000225000000503000000001C22410000007A
:108E000041221C000014083E08140008083E08080F
:108E1000000000A06000000808080808000060606A
:108E20000000002010080402003E5149453E0000A9
:108E3000427F4000004261514946002141454B318B
:108E4000001814127F10002745454539003C4A4957
:108E500049300001710905030036494949360006C9
:108E60004949291E00003636000000005636000031
:108E700000081422410000141414141400004122AC
:108E8000140800020151090600324959513E007C84
:108E90001211127C007F49494936003E414141226E
:108EA000007F4141221C007F49494941007F090957
:108EB0000901003E4149497A007F0808087F000007
:108EC000417F4100002040413F01007F08142241C2
:108ED000007F40404040007F020C027F007F04087A
:108EE000107F003E4141413E007F09090906003ED6
:108EF0004151215E007F09192946004649494931FF
:108F00000001017F0101003F4040403F001F204021
:108F1000201F003F4038403F0063140814630007DF
:108F20000870080700615149454300007F41410036
:108F300000552A552A55000041417F0000040201D6
:108F400002040040404040400000010204000020B4
:108F500054545478007F48444438003844444420F2
:108F600000384444487F00385454541800087E099F
:108F700001020018A4A4A47C007F08040478000067
:108F8000447D4000004080847D00007F1028440024
:108F90000000417F4000007C04180478007C080435
:108FA000047800384444443800FC24242418001871
:108FB000242418FC007C080404080048545454205D
:108FC00000043F444020003C4040207C001C2040E6
:108FD000201C003C4030403C004428102844001C29
:108FE000A0A0A07C004464544C4414141414141421
:108FF0000A0A00009496000815000000C8870008BF
:109000000E0E00008C98000834000000C88700088D
:10901000191900000C9F000802000000C887000812
:109020001E1E0000DC9F000808000000C887000822
:109030001E1E0000409000080A000000C8870008BB
:1090400030000000000000000000000080E0F07030
:1090500030383838383070F0E08000000000000010
:10906000000000000000000000F8FFFF0700000003
:10907000000000000007FFFFF800000000000000F3
:1090800000000000000000077FFFF88000000000E3
:10909000000080F8FF7F07000000000000000000D3
:1090A0000000000000000001030303070707070397
:1090B0000303010000000000000000003100000078
:1090C000000000000000000000606070703030F0B0
:1090D000F0000000000000000000000000000000A0
:1090E00000000000000000000000000000FFFF0082
:1090F0000000000000000000000000000000000070
:109100000000000000000000000000FFFF00000061
:10911000000000000000000000000000000000004F
:109120000000000000000000000303000000000039
:1091300000000000000000003200000000000000FD
:109140000000000000303038383838383070F0E037
:10915000C00000000000000000000000000000004F
:109160000000000000000000000080C0F0FF3F068B
:10917000000000000000000000000000000000806F
:1091800080C0E070383C1E0F0703010000000000A3
:1091900000000000000000000000000000070707BA
:1091A000070707070707070707070707000000006B
:1091B000000000003300000000000000000000007C
:1091C00000303038383838383870F0E0C0000000EF
:1091D000000000000000000000000000000000008F
:1091E00000E0E0E0E0E0E0B0BF9F0F000000000022
:1091F000000000000000000000000000000000006F
:10920000000000000081C3FFFF3C000000000000E0
:109210000000000000000000000003070707070728
:109220000707030303010000000000000000000026
:1092300034000000000000000000000000000000FA
:10924000000080E0F0F0F0F00000000000000000FE
:109250000000000000000000000080C0F0781E0F39
:10926000070100FFFFFF00000000000000000000F9
:10927000000000000000001F1F1F1C1C1C1C1C1CE9
:109280001CFFFFFF1C1C1C00000000000000000071
:1092900000000000000000000000000000000003CB
:1092A0000303000000000000000000003500000083
:1092B00000000000000000000080F8F8383838385E
:1092C0003838383838000000000000000000000086
:1092D000000000000000407F3F37303030307070B9
:1092E000E0E0C0800000000000000000000000007E
:1092F0000000000000000000000000000080C0FF2F
:10930000FF7F0000000000000000000000000000DF
:109310000000030307070707070303030301000017
:109320000000000000000000360000000000000007
:1093300000000000000080C0E0E0703030383838B5
:10934000000000000000000000000000000000001D
:109350000080F8FFFF6331303030303070E0E08063
:109360000000000000000000000000000000000FEE
:109370007FFFE18000000000000080E1FF7F00002F
:1093800000000000000000000000000000000001DC
:10939000030303070707070303030100000000009E
:1093A0000000000037000000000000000000003056
:1093B0003030303030303030303030B0F0F000000D
:1093C000000000000000000000000000000000009D
:1093D000000000000080E0F87E1F07000000000091
:1093E00000000000000000000000000000000080FD
:1093F000E0F87E1F070100000000000000000000F0
:109400000000000000000000000000000203030153
:10941000000000000000000000000000000000004C
:10942000380000000000000000000000C0E0F07004
:1094300038383838383870F0E0800000000000001C
:10944000000000000000000000000F1FBFF0E0E07F
:10945000C0C0E0E0F0BFBF0F00000000000000004F
:10946000000000000000007CFFFF830100000000FE
:1094700000000183FFFF7C000000000000000000EE
:1094800000000000000001010303070707070707AA
:10949000030301010000000000000000390000008B
:1094A000000000000000000080E0F070383838381C
:1094B000383070E0C08000000000000000000000B4
:1094C00000000000001CFFFFE18000000000000021
:1094D00080E3FFFF0000000000000000000000002B
:1094E000000000000001030303030383C3E3F17FD3
:1094F0001F07000000000000000000000000000046
:10950000000000000707070303030101000000003B
:109510000000000000000000E5A29EE79B8A2030CA
:10952000644200E5A29EE79B8A202D313064420010
:10953000E5A29EE79B8A202D32644200E5A29EE7C9
:109540009B8A202D3132644200E5A29EE79B8A204F
:109550002D34644200E5A29EE79B8A202D313464BD
:109560004200E5A29EE79B8A202D36644200E5A2D8
:109570009EE79B8A202D38644200313256003135F7
:1095800056003338346B487A003736386B487A00E7
:10959000E5BC80E585B3E9A291E78E8700E6A8A146
:1095A000E68B9FE5A29EE79B8A00E8B083E588B63C
:1095B000E6A8A1E5BC8F00E4B8BBE88F9CE58D95DB
:1095C00000E8BF94E59B9E00E697A0E692ADE69486
:1095D000BE3130E58886E9929F00E697A0E692AD1D
:1095E000E694BE3330E58886E9929F00E794B5E5BE
:1095F0008E8BE8AEBEE7BDAE00E8939DE78999E8A3
:10960000AEBEE7BDAE00E585B3E69CBAE8AEBEE708
:10961000BDAE00E4B88AE4B880E69BB200E4B88B43
:10962000E4B880E69BB200424420E8B083E588B607
:10963000003153505720E8B083E588B6004879627E
:10964000726964E8B083E588B600E8939DE789997C
:10965000E9858DE5AFB900E4B88DE887AAE58AA869
:10966000E585B3E69CBA00E99A8FE4B8BBE69CBAFC
:10967000E585B3E69CBA003F004244003130323405
:109680004B003338344B003736384B0042442F31CF
:109690005350570030000000000010CE0202CC00F2
:1096A0000000000000000101000000003100000087
:1096B0000000000402FE00000000000000000001A5
:1096C00000000000320000000000008242221C0066
:1096D0000000000000010101010000003300000053
:1096E000000000021212EE00000000000101010162
:1096F0000100000034000000000040704842FE40BD
:109700000000000000000000010000003500000023
:109710000000001E1212E200000000000001010122
:109720000000000036000000000000FC1212B20031
:1097300000000000000001010100000037000000EF
:109740000000020282720E02000000000000010010
:109750000000000038000000000000EE1232EE00B1
:1097600000000000000101010100000039000000BC
:10977000000000362222FC00000000000001010170
:10978000000000005700000000007E803030807E26
:109790000000000000010000010000005600000071
:1097A00000000638C0C038060000000000000101BB
:1097B00000000000530000000000001E1222A24022
:1097C0000000000001010101010000005400000040
:1097D00000000202FE020202000000000000010080
:1097E0000000000041000000000080704E4E7080BC
:1097F0000000000001000000000100005200000015
:10980000000000FE2262DE000000000000010000F7
:10981000000100004F0000000000788602028678F8
:1098200000000000000101010100000050000000E4
:10983000000000FE222216080000000000010000C7
:1098400000000000420000000000FE12121236CCA0
:1098500000000000010101010100000044000000BF
:109860000000FE02020284780000000001010101F4
:10987000000000004B000000000000FE1068C40261
:10988000000000000001000000010000E8BF94009B
:109890002021E60000FE1272921291710000100861
:1098A000070816111814121112141800E380810011
:1098B00000000000000000000000000000000000A8
:1098C000000408180000000000000000E59B9E0056
:1098D00000FE0202F2929292F20202FE0000001FCB
:1098E0000808090808080908081F0000E8939D00F7
:1098F00002720202FF02423A1732521202001010A4
:109900001F11111F111F11111F101000E78999005D
:1099100001191511915111FF1111111100000404C9
:1099200002010008100F000000000000E8AEBE00B9
:109930001011F6002050CF414141CF5010000000DF
:109940000F0412100805020508101000E7BDAE0054
:10995000101715F557555D5557F5151710001010D0
:10996000101F15151515151F10101000E8AFB100C8
:109970001011F600486A5ACA7E49D96948000000A9
:109980000F0412080403000911090700E9AA97004F
:10999000027A427EC000FC54D556D454DC00020248
:1099A00009100F100F020F020F121F00E794B500ED
:1099B00000FC242424FF24242424FC0000000001B3
:1099C0000101010F1111111111101E00E58E8B0004
:1099D0000000FE02424242FA424242420200100CA1
:1099E00003101010101F101011161000E4B8BB0067
:1099F000000888888889FA888888880800001010FC
:109A0000101010101F10101010101000E5A29E0072
:109A10001010FF10107C55667C6655447C000404D1
:109A2000030202001F151515151F0000E58AA0008E
:109A3000080808FF0808F800FC040404FC001008EB
:109A4000060108100F001F0808081F00E5878F0097
:109A5000020CC020FC04D454D4FF04856600010F1E
:109A6000100C030003120B0506091E00E5B08F0061
:109A7000008070000000FF00001020408000010006
:109A8000000008100F00000000000100E9878D00B1
:109A9000080AFAAAAAAAFEA9A9A9F9090800101297
:109AA000121212121F12121212121000E696B000B9
:109AB00012565AF35A5612FE1212F11110000403F4
:109AC000101F00110A0700001F000000E9858D002B
:109AD000F2927E127E92F200E222223E00001F0AE3
:109AE0000A0A0A0A1F000F1010101E00E5AFB90085
:109AF000041424C43C0808488808FF080800080427
:109B000003000300000009100F000000E99FB300EC
:109B10001012D2565A5253525A56D2121000000006
:109B20001F090909090909091F000000E9878F00B9
:109B30001010FF555555F5555555FF1010001010D4
:109B4000151515151F15151515101000E88F9C001B
:109B5000021232521732CA0A4F2A1A020200111197
:109B6000090503011F01030509111100E58D950089
:109B70000000FC959694FC949695FC00000002026F
:109B8000020202021F02020202020200E79B8A0096
:109B90008848A99A8C8888888C9AA94888001010CF
:109BA0001F10101F101F10101F101000E4B88A00A3
:109BB0000000000000FF1010101010000000101036
:109BC0001010101F1010101010101000E4B88B00AF
:109BD000010101010101FF091121610101000000E2
:109BE000000000001F00000000000000E6A8A10027
:109BF0008868FF284802FAAFAAAAAFFA020001005B
:109C00001F0012120A0603060A121200E68B9F00BA
:109C10008484FF4424FE00041800FF0000000810A4
:109C20000F0000171209040201061800E4B88000B2
:109C300040404040404040404040404040000000E4
:109C4000000000000000000000000000E69BB200E1
:109C500000F88888FF888888FF8888F80000001F3F
:109C600008080F0808080F08081F0000E6B7B7002B
:109C70000811C22000DF151515D5151F8000011F22
:109C80000000001F0905000F11111C00E59088005D
:109C9000202010A8A4A2A1A2A4A8102020000000A7
:109CA000001F08080808081F00000000E5BC80002D
:109CB00040404242FE424242FE42424040000010CA
:109CC0000806010000001F0000000000E585B30049
:109CD0008088898A8C88F88C8A898888800010100E
:109CE000080402010001020408101000E9A291001A
:109CF000905E10FF149402FA0EEA0AFA02001010A5
:109D000008050201100B0403040B1000E78E870006
:109D100082462A82DAB693AAC2822A4682000202C8
:109D2000020202021F02020202020200E8B08300E5
:109D30001011F60000FE22AABEAAAA22FE00000010
:109D400007120907000302020B100F00E588B60096
:109D500018D65454FF5454D400FC0000FF000007F0
:109D600000001F000407000108100F00E5BC8F0071
:109D7000082828E8282808FF08090A080800080811
:109D8000080704040000030408101C00E697A00064
:109D90002020222222E23EE2222222202000101055
:109DA00008040300000F101010101C00E692AD0014
:109DB0008484FF4448AA9E8AFE899DAB480008100F
:109DC0000F00001F0A0A0F0A0A1F0000E694BE00D7
:109DD0000404FD2624F41438C704C43C0400100C09
:109DE0000308100F1008040304081000E58886001B
:109DF0008040205846C040434CD020408000001096
:109E0000100806010008100F00000000E9929F00F2
:109E10009897F4949400F88888FF8888F8000000E8
:109E20001F0804000000001F00000000E69CBA00AC
:109E3000088868FF284800FE0202FE0000000201B8
:109E4000001F00100C0300000F101C00E99A8F0087
:109E5000FE122AC611F60AFEABAAAAFA02001F01D8
:109E6000021108070817101014171000E590AF0032
:109E70000000FE12929292939292929E0000100C19
:109E800003001F0808080808081F0000E58AA8004A
:109E90001092721292000808FF0808F800000203EE
:109EA0000202120B04030008100F0000E997AD0036
:109EB00000FC011290513111FD111101FF00001F32
:109EC000000100000204030008100F00E4B88D0038
:109ED000020282422212FA06224282020200020199
:109EE000000000001F00000000030000E887AA0037
:109EF0000000FC24262524242424FC00000000006B
:109F00001F090909090909091F000000E585B300B7
:109F1000000000C0C0C0C6CEDCC0C0C0C0C0C0F021
:109F2000FCDFC7C0C0C0C0000000707070707070EF
:109F3000707070F0FFFFF0F0707070707070707083
:109F400070000080C0C0E0E07070381E0F07010193
:109F5000070E1C387070E0E0C0C040000001000037
:109F600000000000000000000000000000000000F1
:109F700001010000E69CBA0060606060FFFFFF60C6
:109F800060600000FCFC0C0C0C0C0CFCFC000000E5
:109F90000000C0F07CFFFFFF0E3C7000C0FFFF0020
:109FA00000000000FFFF0000000007030100FFFFAA
:109FB000FF00C0F07C3F0F000000000000FFFFC06A
:109FC000C0F8700000000001010100000000000066
:109FD000000000000000000000000000E6989F0064
:109FE00000000000FEFEFEC6C6C6C6C6C6C6C6C681
:109FF000C6C6C6C6C6C6C6FEFE00000000000000FB
:10A0000000001F9FFFF8181818181818D8D818182B
:10A0100018181818181F1F00000000000030381C06
:10A020000F676363636363636363FFFF6363636318
:10A0300063636363636303000000001C1C1C1C1C3F
:10A040001C1C1C1C1C1C1C1C1F1F1C1C1C1C1C1C4A
:10A050001C1C1C1C1C1C1C00E781AB00000000E049
:10A06000E0C08000000000000000FFFF00000000D2
:10A070000000000080E0E040000000000000010758
:10A080000F3E7C70200000E0FFFFF00000006078D1
:10A090007C1F0F0301000000000000000000008092
:10A0A000C0E0703C1F070101071F3C78E0C08080C2
:10A0B00000000000000008183C1C0E0F0703010000
:10A0C00000000000000000000000000103070F0E68
:10A0D0001C1C1808E8AEA10000000002060E3C7827
:10A0E0007040000000000000000000FFFF000000C2
:10A0F0000000000000001C1C1C1C1CFCFCFC0000E0
:10A10000383838383838383838FFFF383838383841
:10A11000383838380000000000FFFFFF0080C0E042
:10A12000E0700000000000FFFF00000000000000E1
:10A13000000000000000081F0F07070301000000D7
:10A1400000000000003F3F00000000000000000091
:10A15000E58892000000000000FFFF0000040C18DA
:10A1600070A08080800000F8F800000000FFFFFF72
:10A170000000000E0E0606FFFFF707030383C3F37C
:10A180003301010000FFFF00000000FFFFFF00009F
:10A190000000008080C0FFFFF89C0E070300C0C0D5
:10A1A0000000007F7F00000000FFFFFF0000020EA4
:10A1B000070303010001070F1E38383C1F0700008A
:10A1C000000018383838181F1F070000E9B8A2002F
:10A1D00000606060606060606072777E3C3870F044
:10A1E000F0B033373E3C383030303838380000007B
:10A1F000000000F8F818181C5FDFD9989818191B90
:10A200001B1E9EFCFC0C1818181C0F0300000000FD
:10A21000001F1F181818181818191B18181B1B1BBB
:10A220001B19181818F8F8000000000303030303B3
:10A23000030303030303030303030303333333332E
:10A2400038381F1F07000000E69EAD000000000028
:10A2500000F8F8181818D8DC9F9F1B181818181841
:10A260001818F8F8F8000000000000000000007F57
:10A270007F7070707071F1737F7270707276767625
:10A28000777370F0F0F0000000000C0C0C0C0C8CDC
:10A290008CCCEC7CFFFFFF7CECCC8C8C0C6C6C6071
:10A2A000607F3F0F000008181C0C0E060703010119
:10A2B00000003F3F3F00000001030307060E0C0CA7
:10A2C0001C181808E587BA0000000000F8F8F8002C
:10A2D000000000000000FFFF00000000000000F888
:10A2E000F8F800000000000000003F3F3F30303031
:10A2F00030303030FFFF303030303030303F3F3F93
:10A3000000000000000000FEFE0000000000000051
:10A310000000FFFF000000000000000000FEFE0043
:10A3200000000000000F0F0C0C0C0C0C0C0C0C0CA3
:10A330000F0F0C0C0C0C0C0C0C0C0C3F3F00000015
:10A34000E5938100000000000000FEFE0606060600
:10A3500006060606060606060606FEFE00000000C5
:10A3600000000000808080808F8F8E8E8E8E8E0EFB
:10A370000E0E8E8E8E8E8E8E8F8F8080808000004F
:10A380000000FFFF01010101010101FFFF000000CA
:10A39000FFFFFF010101010101FFFFFF00000000BD
:10A3A0001F1F060606060606061F1F0000001F1FC9
:10A3B0001F0606060606061F1F1F0000E0A3000872
:10A3C00000000020F0020000FC010008E8A40008E2
:10A3D000F0020020201200005C02000800000000D3
:10A3E0004501013939321E32015A1008111324F483
:10A3F00013C1953A080CB11A1814320413D109820A
:10A40000085A30148B210A145A49149A35145A6286
:10A41000149A49145A6E149A5D145A23149AE564D6
:10A420005A3C149AF9145A55149A0D3C0912B41353
:10A430004A963308028BE10F285A13148B391014F3
:10A440005A1D149AB5280912501A821432069A8598
:10A450003C5A89149A9914293C01101AF914296458
:10A460004122D02A20C01AEC1472034B9C02145AC9
:10A470009DDC411A1C2832091AAA1472054BE80106
:10A48000285A9078411A201429481A06C872071AC7
:10A49000385029340912C81A2728291C8B8951A839
:10A4A0005A31149A75145A3D149A9D140912501A6F
:10A4B000C81429788BB966285ADA149ACD145A67C9
:10A4C000A09AF5145A57149AE1140912641A7F14C9
:10A4D00029E48BCD7B285A7A149AA5145A7E149AB3
:08A4E000B91441000000000066
:040000050800019955
:00000001FF
